#group,false,false,true,true,false,false,true,true
#datatype,string,long,dateTime:RFC3339,dateTime:RFC3339,dateTime:RFC3339,double,string,string
#default,last,,,,,,,
,result,table,_start,_stop,_time,_value,_field,_measurement
,,0,2022-01-27T16:58:11.01Z,2022-01-27T16:59:11.005Z,2022-01-27T16:58:11.125Z,3.127,current,PowerMeasurement
,,0,2022-01-27T16:58:11.01Z,2022-01-27T16:59:11.005Z,2022-01-27T16:58:11.292Z,3.127,current,PowerMeasurement
,,0,2022-01-27T16:58:11.01Z,2022-01-27T16:59:11.005Z,2022-01-27T16:58:11.459Z,3.122418,current,PowerMeasurement
,,0,2022-01-27T16:58:11.01Z,2022-01-27T16:59:11.005Z,2022-01-27T16:58:11.626Z,3.127,current,PowerMeasurement
,,0,2022-01-27T16:58:11.01Z,2022-01-27T16:59:11.005Z,2022-01-27T16:58:11.793Z,3.127,current,PowerMeasurement
,,0,2022-01-27T16:58:11.01Z,2022-01-27T16:59:11.005Z,2022-01-27T16:58:11.96Z,3.127,current,PowerMeasurement
,,0,2022-01-27T16:58:11.01Z,2022-01-27T16:59:11.005Z,2022-01-27T16:58:12.127Z,3.127,current,PowerMeasurement
,,0,2022-01-27T16:58:11.01Z,2022-01-27T16:59:11.005Z,2022-01-27T16:58:12.294Z,3.127,current,PowerMeasurement
,,0,2022-01-27T16:58:11.01Z,2022-01-27T16:59:11.005Z,2022-01-27T16:58:12.461Z,3.127,current,PowerMeasurement
,,0,2022-01-27T16:58:11.01Z,2022-01-27T16:59:11.005Z,2022-01-27T16:58:12.628Z,3.127,current,PowerMeasurement
,,0,2022-01-27T16:58:11.01Z,2022-01-27T16:59:11.005Z,2022-01-27T16:58:12.795Z,3.127,current,PowerMeasurement
,,0,2022-01-27T16:58:11.01Z,2022-01-27T16:59:11.005Z,2022-01-27T16:58:12.962Z,3.127,current,PowerMeasurement
,,0,2022-01-27T16:58:11.01Z,2022-01-27T16:59:11.005Z,2022-01-27T16:58:13.129Z,3.127,current,PowerMeasurement
,,0,2022-01-27T16:58:11.01Z,2022-01-27T16:59:11.005Z,2022-01-27T16:58:13.296Z,3.127,current,PowerMeasurement
,,0,2022-01-27T16:58:11.01Z,2022-01-27T16:59:11.005Z,2022-01-27T16:58:13.463Z,3.127,current,PowerMeasurement
,,0,2022-01-27T16:58:11.01Z,2022-01-27T16:59:11.005Z,2022-01-27T16:58:13.63Z,3.127,current,PowerMeasurement
,,0,2022-01-27T16:58:11.01Z,2022-01-27T16:59:11.005Z,2022-01-27T16:58:13.797Z,3.127,current,PowerMeasurement
,,0,2022-01-27T16:58:11.01Z,2022-01-27T16:59:11.005Z,2022-01-27T16:58:13.964Z,3.127,current,PowerMeasurement
,,0,2022-01-27T16:58:11.01Z,2022-01-27T16:59:11.005Z,2022-01-27T16:58:14.131Z,3.127,current,PowerMeasurement
,,0,2022-01-27T16:58:11.01Z,2022-01-27T16:59:11.005Z,2022-01-27T16:58:14.298Z,3.127,current,PowerMeasurement
,,0,2022-01-27T16:58:11.01Z,2022-01-27T16:59:11.005Z,2022-01-27T16:58:14.465Z,3.127,current,PowerMeasurement
,,0,2022-01-27T16:58:11.01Z,2022-01-27T16:59:11.005Z,2022-01-27T16:58:14.632Z,3.127,current,PowerMeasurement
,,0,2022-01-27T16:58:11.01Z,2022-01-27T16:59:11.005Z,2022-01-27T16:58:14.799Z,3.127,current,PowerMeasurement
,,0,2022-01-27T16:58:11.01Z,2022-01-27T16:59:11.005Z,2022-01-27T16:58:14.966Z,3.127,current,PowerMeasurement
,,0,2022-01-27T16:58:11.01Z,2022-01-27T16:59:11.005Z,2022-01-27T16:58:15.133Z,3.127,current,PowerMeasurement
,,0,2022-01-27T16:58:11.01Z,2022-01-27T16:59:11.005Z,2022-01-27T16:58:15.3Z,3.124709,current,PowerMeasurement
,,0,2022-01-27T16:58:11.01Z,2022-01-27T16:59:11.005Z,2022-01-27T16:58:15.467Z,3.127,current,PowerMeasurement
,,0,2022-01-27T16:58:11.01Z,2022-01-27T16:59:11.005Z,2022-01-27T16:58:15.634Z,3.127,current,PowerMeasurement
,,0,2022-01-27T16:58:11.01Z,2022-01-27T16:59:11.005Z,2022-01-27T16:58:15.801Z,3.127,current,PowerMeasurement
,,0,2022-01-27T16:58:11.01Z,2022-01-27T16:59:11.005Z,2022-01-27T16:58:15.968Z,3.127,current,PowerMeasurement
,,0,2022-01-27T16:58:11.01Z,2022-01-27T16:59:11.005Z,2022-01-27T16:58:16.135Z,3.127,current,PowerMeasurement
,,0,2022-01-27T16:58:11.01Z,2022-01-27T16:59:11.005Z,2022-01-27T16:58:16.302Z,3.127,current,PowerMeasurement
,,0,2022-01-27T16:58:11.01Z,2022-01-27T16:59:11.005Z,2022-01-27T16:58:16.469Z,3.127,current,PowerMeasurement
,,0,2022-01-27T16:58:11.01Z,2022-01-27T16:59:11.005Z,2022-01-27T16:58:16.636Z,3.121655,current,PowerMeasurement
,,0,2022-01-27T16:58:11.01Z,2022-01-27T16:59:11.005Z,2022-01-27T16:58:16.803Z,3.127,current,PowerMeasurement
,,0,2022-01-27T16:58:11.01Z,2022-01-27T16:59:11.005Z,2022-01-27T16:58:16.97Z,3.127,current,PowerMeasurement
,,0,2022-01-27T16:58:11.01Z,2022-01-27T16:59:11.005Z,2022-01-27T16:58:17.137Z,3.127,current,PowerMeasurement
,,0,2022-01-27T16:58:11.01Z,2022-01-27T16:59:11.005Z,2022-01-27T16:58:17.304Z,3.127,current,PowerMeasurement
,,0,2022-01-27T16:58:11.01Z,2022-01-27T16:59:11.005Z,2022-01-27T16:58:17.471Z,3.127,current,PowerMeasurement
,,0,2022-01-27T16:58:11.01Z,2022-01-27T16:59:11.005Z,2022-01-27T16:58:17.638Z,3.127,current,PowerMeasurement
,,0,2022-01-27T16:58:11.01Z,2022-01-27T16:59:11.005Z,2022-01-27T16:58:17.805Z,3.127,current,PowerMeasurement
,,0,2022-01-27T16:58:11.01Z,2022-01-27T16:59:11.005Z,2022-01-27T16:58:17.972Z,3.127,current,PowerMeasurement
,,0,2022-01-27T16:58:11.01Z,2022-01-27T16:59:11.005Z,2022-01-27T16:58:18.139Z,3.127,current,PowerMeasurement
,,0,2022-01-27T16:58:11.01Z,2022-01-27T16:59:11.005Z,2022-01-27T16:58:18.306Z,3.127,current,PowerMeasurement
,,0,2022-01-27T16:58:11.01Z,2022-01-27T16:59:11.005Z,2022-01-27T16:58:18.473Z,3.127,current,PowerMeasurement
,,0,2022-01-27T16:58:11.01Z,2022-01-27T16:59:11.005Z,2022-01-27T16:58:18.64Z,3.127,current,PowerMeasurement
,,0,2022-01-27T16:58:11.01Z,2022-01-27T16:59:11.005Z,2022-01-27T16:58:18.807Z,3.127,current,PowerMeasurement
,,0,2022-01-27T16:58:11.01Z,2022-01-27T16:59:11.005Z,2022-01-27T16:58:18.974Z,3.127,current,PowerMeasurement
,,0,2022-01-27T16:58:11.01Z,2022-01-27T16:59:11.005Z,2022-01-27T16:58:19.141Z,3.127,current,PowerMeasurement
,,0,2022-01-27T16:58:11.01Z,2022-01-27T16:59:11.005Z,2022-01-27T16:58:19.308Z,3.127,current,PowerMeasurement
,,0,2022-01-27T16:58:11.01Z,2022-01-27T16:59:11.005Z,2022-01-27T16:58:19.475Z,3.127,current,PowerMeasurement
,,0,2022-01-27T16:58:11.01Z,2022-01-27T16:59:11.005Z,2022-01-27T16:58:19.642Z,3.127,current,PowerMeasurement
,,0,2022-01-27T16:58:11.01Z,2022-01-27T16:59:11.005Z,2022-01-27T16:58:19.809Z,3.122418,current,PowerMeasurement
,,0,2022-01-27T16:58:11.01Z,2022-01-27T16:59:11.005Z,2022-01-27T16:58:19.976Z,3.127,current,PowerMeasurement
,,0,2022-01-27T16:58:11.01Z,2022-01-27T16:59:11.005Z,2022-01-27T16:58:20.143Z,3.127,current,PowerMeasurement
,,0,2022-01-27T16:58:11.01Z,2022-01-27T16:59:11.005Z,2022-01-27T16:58:20.31Z,3.127,current,PowerMeasurement
,,0,2022-01-27T16:58:11.01Z,2022-01-27T16:59:11.005Z,2022-01-27T16:58:20.477Z,3.127,current,PowerMeasurement
,,0,2022-01-27T16:58:11.01Z,2022-01-27T16:59:11.005Z,2022-01-27T16:58:20.644Z,3.127,current,PowerMeasurement
,,0,2022-01-27T16:58:11.01Z,2022-01-27T16:59:11.005Z,2022-01-27T16:58:20.811Z,3.127,current,PowerMeasurement
,,0,2022-01-27T16:58:11.01Z,2022-01-27T16:59:11.005Z,2022-01-27T16:58:20.978Z,3.127,current,PowerMeasurement
,,0,2022-01-27T16:58:11.01Z,2022-01-27T16:59:11.005Z,2022-01-27T16:58:21.145Z,3.127,current,PowerMeasurement
,,0,2022-01-27T16:58:11.01Z,2022-01-27T16:59:11.005Z,2022-01-27T16:58:21.312Z,3.127,current,PowerMeasurement
,,0,2022-01-27T16:58:11.01Z,2022-01-27T16:59:11.005Z,2022-01-27T16:58:21.479Z,3.127,current,PowerMeasurement
,,0,2022-01-27T16:58:11.01Z,2022-01-27T16:59:11.005Z,2022-01-27T16:58:21.646Z,3.127,current,PowerMeasurement
,,0,2022-01-27T16:58:11.01Z,2022-01-27T16:59:11.005Z,2022-01-27T16:58:21.813Z,3.124709,current,PowerMeasurement
,,0,2022-01-27T16:58:11.01Z,2022-01-27T16:59:11.005Z,2022-01-27T16:58:21.98Z,3.127,current,PowerMeasurement
,,0,2022-01-27T16:58:11.01Z,2022-01-27T16:59:11.005Z,2022-01-27T16:58:22.147Z,3.127,current,PowerMeasurement
,,0,2022-01-27T16:58:11.01Z,2022-01-27T16:59:11.005Z,2022-01-27T16:58:22.314Z,3.127,current,PowerMeasurement
,,0,2022-01-27T16:58:11.01Z,2022-01-27T16:59:11.005Z,2022-01-27T16:58:22.481Z,3.127,current,PowerMeasurement
,,0,2022-01-27T16:58:11.01Z,2022-01-27T16:59:11.005Z,2022-01-27T16:58:22.648Z,3.127,current,PowerMeasurement
,,0,2022-01-27T16:58:11.01Z,2022-01-27T16:59:11.005Z,2022-01-27T16:58:22.815Z,3.127,current,PowerMeasurement
,,0,2022-01-27T16:58:11.01Z,2022-01-27T16:59:11.005Z,2022-01-27T16:58:22.982Z,3.127,current,PowerMeasurement
,,0,2022-01-27T16:58:11.01Z,2022-01-27T16:59:11.005Z,2022-01-27T16:58:23.149Z,3.127,current,PowerMeasurement
,,0,2022-01-27T16:58:11.01Z,2022-01-27T16:59:11.005Z,2022-01-27T16:58:23.316Z,3.120891,current,PowerMeasurement
,,0,2022-01-27T16:58:11.01Z,2022-01-27T16:59:11.005Z,2022-01-27T16:58:23.483Z,3.127,current,PowerMeasurement
,,0,2022-01-27T16:58:11.01Z,2022-01-27T16:59:11.005Z,2022-01-27T16:58:23.65Z,3.127,current,PowerMeasurement
,,0,2022-01-27T16:58:11.01Z,2022-01-27T16:59:11.005Z,2022-01-27T16:58:23.817Z,3.127,current,PowerMeasurement
,,0,2022-01-27T16:58:11.01Z,2022-01-27T16:59:11.005Z,2022-01-27T16:58:23.984Z,3.127,current,PowerMeasurement
,,0,2022-01-27T16:58:11.01Z,2022-01-27T16:59:11.005Z,2022-01-27T16:58:24.151Z,3.127,current,PowerMeasurement
,,0,2022-01-27T16:58:11.01Z,2022-01-27T16:59:11.005Z,2022-01-27T16:58:24.318Z,3.127,current,PowerMeasurement
,,0,2022-01-27T16:58:11.01Z,2022-01-27T16:59:11.005Z,2022-01-27T16:58:24.485Z,3.127,current,PowerMeasurement
,,0,2022-01-27T16:58:11.01Z,2022-01-27T16:59:11.005Z,2022-01-27T16:58:24.652Z,3.127,current,PowerMeasurement
,,0,2022-01-27T16:58:11.01Z,2022-01-27T16:59:11.005Z,2022-01-27T16:58:24.819Z,3.125473,current,PowerMeasurement
,,0,2022-01-27T16:58:11.01Z,2022-01-27T16:59:11.005Z,2022-01-27T16:58:24.986Z,3.127,current,PowerMeasurement
,,0,2022-01-27T16:58:11.01Z,2022-01-27T16:59:11.005Z,2022-01-27T16:58:25.153Z,3.127,current,PowerMeasurement
,,0,2022-01-27T16:58:11.01Z,2022-01-27T16:59:11.005Z,2022-01-27T16:58:25.32Z,3.127,current,PowerMeasurement
,,0,2022-01-27T16:58:11.01Z,2022-01-27T16:59:11.005Z,2022-01-27T16:58:25.487Z,3.127,current,PowerMeasurement
,,0,2022-01-27T16:58:11.01Z,2022-01-27T16:59:11.005Z,2022-01-27T16:58:25.654Z,3.127,current,PowerMeasurement
,,0,2022-01-27T16:58:11.01Z,2022-01-27T16:59:11.005Z,2022-01-27T16:58:25.821Z,3.127,current,PowerMeasurement
,,0,2022-01-27T16:58:11.01Z,2022-01-27T16:59:11.005Z,2022-01-27T16:58:25.988Z,3.127,current,PowerMeasurement
,,0,2022-01-27T16:58:11.01Z,2022-01-27T16:59:11.005Z,2022-01-27T16:58:26.155Z,3.127,current,PowerMeasurement
,,0,2022-01-27T16:58:11.01Z,2022-01-27T16:59:11.005Z,2022-01-27T16:58:26.322Z,3.127,current,PowerMeasurement
,,0,2022-01-27T16:58:11.01Z,2022-01-27T16:59:11.005Z,2022-01-27T16:58:26.489Z,3.127,current,PowerMeasurement
,,0,2022-01-27T16:58:11.01Z,2022-01-27T16:59:11.005Z,2022-01-27T16:58:26.656Z,3.127,current,PowerMeasurement
,,0,2022-01-27T16:58:11.01Z,2022-01-27T16:59:11.005Z,2022-01-27T16:58:26.823Z,3.125473,current,PowerMeasurement
,,0,2022-01-27T16:58:11.01Z,2022-01-27T16:59:11.005Z,2022-01-27T16:58:26.99Z,3.122418,current,PowerMeasurement
,,0,2022-01-27T16:58:11.01Z,2022-01-27T16:59:11.005Z,2022-01-27T16:58:27.157Z,3.127,current,PowerMeasurement
,,0,2022-01-27T16:58:11.01Z,2022-01-27T16:59:11.005Z,2022-01-27T16:58:27.324Z,3.127,current,PowerMeasurement
,,0,2022-01-27T16:58:11.01Z,2022-01-27T16:59:11.005Z,2022-01-27T16:58:27.491Z,3.127,current,PowerMeasurement
,,0,2022-01-27T16:58:11.01Z,2022-01-27T16:59:11.005Z,2022-01-27T16:58:27.658Z,3.127,current,PowerMeasurement
,,0,2022-01-27T16:58:11.01Z,2022-01-27T16:59:11.005Z,2022-01-27T16:58:27.825Z,3.127,current,PowerMeasurement
,,0,2022-01-27T16:58:11.01Z,2022-01-27T16:59:11.005Z,2022-01-27T16:58:27.992Z,3.122418,current,PowerMeasurement
,,0,2022-01-27T16:58:11.01Z,2022-01-27T16:59:11.005Z,2022-01-27T16:58:28.159Z,3.127,current,PowerMeasurement
,,0,2022-01-27T16:58:11.01Z,2022-01-27T16:59:11.005Z,2022-01-27T16:58:28.326Z,3.127,current,PowerMeasurement
,,0,2022-01-27T16:58:11.01Z,2022-01-27T16:59:11.005Z,2022-01-27T16:58:28.493Z,3.127,current,PowerMeasurement
,,0,2022-01-27T16:58:11.01Z,2022-01-27T16:59:11.005Z,2022-01-27T16:58:28.66Z,3.127,current,PowerMeasurement
,,0,2022-01-27T16:58:11.01Z,2022-01-27T16:59:11.005Z,2022-01-27T16:58:28.827Z,3.127,current,PowerMeasurement
,,0,2022-01-27T16:58:11.01Z,2022-01-27T16:59:11.005Z,2022-01-27T16:58:28.994Z,3.120891,current,PowerMeasurement
,,0,2022-01-27T16:58:11.01Z,2022-01-27T16:59:11.005Z,2022-01-27T16:58:29.161Z,3.127,current,PowerMeasurement
,,0,2022-01-27T16:58:11.01Z,2022-01-27T16:59:11.005Z,2022-01-27T16:58:29.328Z,3.127,current,PowerMeasurement
,,0,2022-01-27T16:58:11.01Z,2022-01-27T16:59:11.005Z,2022-01-27T16:58:29.495Z,3.119364,current,PowerMeasurement
,,0,2022-01-27T16:58:11.01Z,2022-01-27T16:59:11.005Z,2022-01-27T16:58:29.662Z,3.127,current,PowerMeasurement
,,0,2022-01-27T16:58:11.01Z,2022-01-27T16:59:11.005Z,2022-01-27T16:58:29.829Z,3.127,current,PowerMeasurement
,,0,2022-01-27T16:58:11.01Z,2022-01-27T16:59:11.005Z,2022-01-27T16:58:29.996Z,3.127,current,PowerMeasurement
,,0,2022-01-27T16:58:11.01Z,2022-01-27T16:59:11.005Z,2022-01-27T16:58:30.163Z,3.127,current,PowerMeasurement
,,0,2022-01-27T16:58:11.01Z,2022-01-27T16:59:11.005Z,2022-01-27T16:58:30.33Z,3.127,current,PowerMeasurement
,,0,2022-01-27T16:58:11.01Z,2022-01-27T16:59:11.005Z,2022-01-27T16:58:30.497Z,3.127,current,PowerMeasurement
,,0,2022-01-27T16:58:11.01Z,2022-01-27T16:59:11.005Z,2022-01-27T16:58:30.664Z,3.127,current,PowerMeasurement
,,0,2022-01-27T16:58:11.01Z,2022-01-27T16:59:11.005Z,2022-01-27T16:58:30.831Z,3.127,current,PowerMeasurement
,,0,2022-01-27T16:58:11.01Z,2022-01-27T16:59:11.005Z,2022-01-27T16:58:30.998Z,3.127,current,PowerMeasurement
,,0,2022-01-27T16:58:11.01Z,2022-01-27T16:59:11.005Z,2022-01-27T16:58:31.165Z,3.127,current,PowerMeasurement
,,0,2022-01-27T16:58:11.01Z,2022-01-27T16:59:11.005Z,2022-01-27T16:58:31.332Z,3.127,current,PowerMeasurement
,,0,2022-01-27T16:58:11.01Z,2022-01-27T16:59:11.005Z,2022-01-27T16:58:31.499Z,3.127,current,PowerMeasurement
,,0,2022-01-27T16:58:11.01Z,2022-01-27T16:59:11.005Z,2022-01-27T16:58:31.666Z,3.127,current,PowerMeasurement
,,0,2022-01-27T16:58:11.01Z,2022-01-27T16:59:11.005Z,2022-01-27T16:58:31.833Z,3.123945,current,PowerMeasurement
,,0,2022-01-27T16:58:11.01Z,2022-01-27T16:59:11.005Z,2022-01-27T16:58:32Z,3.127,current,PowerMeasurement
,,0,2022-01-27T16:58:11.01Z,2022-01-27T16:59:11.005Z,2022-01-27T16:58:32.167Z,3.127,current,PowerMeasurement
,,0,2022-01-27T16:58:11.01Z,2022-01-27T16:59:11.005Z,2022-01-27T16:58:32.334Z,3.127,current,PowerMeasurement
,,0,2022-01-27T16:58:11.01Z,2022-01-27T16:59:11.005Z,2022-01-27T16:58:32.501Z,3.127,current,PowerMeasurement
,,0,2022-01-27T16:58:11.01Z,2022-01-27T16:59:11.005Z,2022-01-27T16:58:32.668Z,3.127,current,PowerMeasurement
,,0,2022-01-27T16:58:11.01Z,2022-01-27T16:59:11.005Z,2022-01-27T16:58:32.835Z,3.127,current,PowerMeasurement
,,0,2022-01-27T16:58:11.01Z,2022-01-27T16:59:11.005Z,2022-01-27T16:58:33.002Z,3.127,current,PowerMeasurement
,,0,2022-01-27T16:58:11.01Z,2022-01-27T16:59:11.005Z,2022-01-27T16:58:33.169Z,3.127,current,PowerMeasurement
,,0,2022-01-27T16:58:11.01Z,2022-01-27T16:59:11.005Z,2022-01-27T16:58:33.336Z,3.127,current,PowerMeasurement
,,0,2022-01-27T16:58:11.01Z,2022-01-27T16:59:11.005Z,2022-01-27T16:58:33.503Z,3.127,current,PowerMeasurement
,,0,2022-01-27T16:58:11.01Z,2022-01-27T16:59:11.005Z,2022-01-27T16:58:33.67Z,3.127,current,PowerMeasurement
,,0,2022-01-27T16:58:11.01Z,2022-01-27T16:59:11.005Z,2022-01-27T16:58:33.837Z,3.127,current,PowerMeasurement
,,0,2022-01-27T16:58:11.01Z,2022-01-27T16:59:11.005Z,2022-01-27T16:58:34.004Z,3.127,current,PowerMeasurement
,,0,2022-01-27T16:58:11.01Z,2022-01-27T16:59:11.005Z,2022-01-27T16:58:34.171Z,3.127,current,PowerMeasurement
,,0,2022-01-27T16:58:11.01Z,2022-01-27T16:59:11.005Z,2022-01-27T16:58:34.338Z,3.127,current,PowerMeasurement
,,0,2022-01-27T16:58:11.01Z,2022-01-27T16:59:11.005Z,2022-01-27T16:58:34.505Z,3.127,current,PowerMeasurement
,,0,2022-01-27T16:58:11.01Z,2022-01-27T16:59:11.005Z,2022-01-27T16:58:34.672Z,3.123945,current,PowerMeasurement
,,0,2022-01-27T16:58:11.01Z,2022-01-27T16:59:11.005Z,2022-01-27T16:58:34.839Z,3.127,current,PowerMeasurement
,,0,2022-01-27T16:58:11.01Z,2022-01-27T16:59:11.005Z,2022-01-27T16:58:35.006Z,3.127,current,PowerMeasurement
,,0,2022-01-27T16:58:11.01Z,2022-01-27T16:59:11.005Z,2022-01-27T16:58:35.173Z,3.127,current,PowerMeasurement
,,0,2022-01-27T16:58:11.01Z,2022-01-27T16:59:11.005Z,2022-01-27T16:58:35.34Z,3.127,current,PowerMeasurement
,,0,2022-01-27T16:58:11.01Z,2022-01-27T16:59:11.005Z,2022-01-27T16:58:35.507Z,3.127,current,PowerMeasurement
,,0,2022-01-27T16:58:11.01Z,2022-01-27T16:59:11.005Z,2022-01-27T16:58:35.674Z,3.127,current,PowerMeasurement
,,0,2022-01-27T16:58:11.01Z,2022-01-27T16:59:11.005Z,2022-01-27T16:58:35.841Z,3.127,current,PowerMeasurement
,,0,2022-01-27T16:58:11.01Z,2022-01-27T16:59:11.005Z,2022-01-27T16:58:36.008Z,3.127,current,PowerMeasurement
,,0,2022-01-27T16:58:11.01Z,2022-01-27T16:59:11.005Z,2022-01-27T16:58:36.175Z,3.127,current,PowerMeasurement
,,0,2022-01-27T16:58:11.01Z,2022-01-27T16:59:11.005Z,2022-01-27T16:58:36.342Z,3.127,current,PowerMeasurement
,,0,2022-01-27T16:58:11.01Z,2022-01-27T16:59:11.005Z,2022-01-27T16:58:36.509Z,3.127,current,PowerMeasurement
,,0,2022-01-27T16:58:11.01Z,2022-01-27T16:59:11.005Z,2022-01-27T16:58:36.676Z,3.127,current,PowerMeasurement
,,0,2022-01-27T16:58:11.01Z,2022-01-27T16:59:11.005Z,2022-01-27T16:58:36.843Z,3.120127,current,PowerMeasurement
,,0,2022-01-27T16:58:11.01Z,2022-01-27T16:59:11.005Z,2022-01-27T16:58:37.01Z,3.127,current,PowerMeasurement
,,0,2022-01-27T16:58:11.01Z,2022-01-27T16:59:11.005Z,2022-01-27T16:58:37.177Z,3.127,current,PowerMeasurement
,,0,2022-01-27T16:58:11.01Z,2022-01-27T16:59:11.005Z,2022-01-27T16:58:37.344Z,3.127,current,PowerMeasurement
,,0,2022-01-27T16:58:11.01Z,2022-01-27T16:59:11.005Z,2022-01-27T16:58:37.511Z,3.127,current,PowerMeasurement
,,0,2022-01-27T16:58:11.01Z,2022-01-27T16:59:11.005Z,2022-01-27T16:58:37.678Z,3.127,current,PowerMeasurement
,,0,2022-01-27T16:58:11.01Z,2022-01-27T16:59:11.005Z,2022-01-27T16:58:37.845Z,3.127,current,PowerMeasurement
,,0,2022-01-27T16:58:11.01Z,2022-01-27T16:59:11.005Z,2022-01-27T16:58:38.012Z,3.127,current,PowerMeasurement
,,0,2022-01-27T16:58:11.01Z,2022-01-27T16:59:11.005Z,2022-01-27T16:58:38.179Z,3.127,current,PowerMeasurement
,,0,2022-01-27T16:58:11.01Z,2022-01-27T16:59:11.005Z,2022-01-27T16:58:38.346Z,3.127,current,PowerMeasurement
,,0,2022-01-27T16:58:11.01Z,2022-01-27T16:59:11.005Z,2022-01-27T16:58:38.513Z,3.127,current,PowerMeasurement
,,0,2022-01-27T16:58:11.01Z,2022-01-27T16:59:11.005Z,2022-01-27T16:58:38.68Z,3.127,current,PowerMeasurement
,,0,2022-01-27T16:58:11.01Z,2022-01-27T16:59:11.005Z,2022-01-27T16:58:38.847Z,3.127,current,PowerMeasurement
,,0,2022-01-27T16:58:11.01Z,2022-01-27T16:59:11.005Z,2022-01-27T16:58:39.014Z,3.127,current,PowerMeasurement
,,0,2022-01-27T16:58:11.01Z,2022-01-27T16:59:11.005Z,2022-01-27T16:58:39.181Z,3.127,current,PowerMeasurement
,,0,2022-01-27T16:58:11.01Z,2022-01-27T16:59:11.005Z,2022-01-27T16:58:39.348Z,3.127,current,PowerMeasurement
,,0,2022-01-27T16:58:11.01Z,2022-01-27T16:59:11.005Z,2022-01-27T16:58:39.515Z,3.127,current,PowerMeasurement
,,0,2022-01-27T16:58:11.01Z,2022-01-27T16:59:11.005Z,2022-01-27T16:58:39.682Z,3.127,current,PowerMeasurement
,,0,2022-01-27T16:58:11.01Z,2022-01-27T16:59:11.005Z,2022-01-27T16:58:39.849Z,3.127,current,PowerMeasurement
,,0,2022-01-27T16:58:11.01Z,2022-01-27T16:59:11.005Z,2022-01-27T16:58:40.016Z,3.127,current,PowerMeasurement
,,0,2022-01-27T16:58:11.01Z,2022-01-27T16:59:11.005Z,2022-01-27T16:58:40.183Z,3.127,current,PowerMeasurement
,,0,2022-01-27T16:58:11.01Z,2022-01-27T16:59:11.005Z,2022-01-27T16:58:40.35Z,3.127,current,PowerMeasurement
,,0,2022-01-27T16:58:11.01Z,2022-01-27T16:59:11.005Z,2022-01-27T16:58:40.517Z,3.127,current,PowerMeasurement
,,0,2022-01-27T16:58:11.01Z,2022-01-27T16:59:11.005Z,2022-01-27T16:58:40.684Z,3.127,current,PowerMeasurement
,,0,2022-01-27T16:58:11.01Z,2022-01-27T16:59:11.005Z,2022-01-27T16:58:40.851Z,3.127,current,PowerMeasurement
,,0,2022-01-27T16:58:11.01Z,2022-01-27T16:59:11.005Z,2022-01-27T16:58:41.018Z,3.127,current,PowerMeasurement
,,0,2022-01-27T16:58:11.01Z,2022-01-27T16:59:11.005Z,2022-01-27T16:58:41.185Z,3.127,current,PowerMeasurement
,,0,2022-01-27T16:58:11.01Z,2022-01-27T16:59:11.005Z,2022-01-27T16:58:41.352Z,3.127,current,PowerMeasurement
,,0,2022-01-27T16:58:11.01Z,2022-01-27T16:59:11.005Z,2022-01-27T16:58:41.519Z,3.127,current,PowerMeasurement
,,0,2022-01-27T16:58:11.01Z,2022-01-27T16:59:11.005Z,2022-01-27T16:58:41.686Z,3.123182,current,PowerMeasurement
,,0,2022-01-27T16:58:11.01Z,2022-01-27T16:59:11.005Z,2022-01-27T16:58:41.853Z,3.127,current,PowerMeasurement
,,0,2022-01-27T16:58:11.01Z,2022-01-27T16:59:11.005Z,2022-01-27T16:58:42.02Z,3.127,current,PowerMeasurement
,,0,2022-01-27T16:58:11.01Z,2022-01-27T16:59:11.005Z,2022-01-27T16:58:42.187Z,3.127,current,PowerMeasurement
,,0,2022-01-27T16:58:11.01Z,2022-01-27T16:59:11.005Z,2022-01-27T16:58:42.354Z,3.127,current,PowerMeasurement
,,0,2022-01-27T16:58:11.01Z,2022-01-27T16:59:11.005Z,2022-01-27T16:58:42.521Z,3.127,current,PowerMeasurement
,,0,2022-01-27T16:58:11.01Z,2022-01-27T16:59:11.005Z,2022-01-27T16:58:42.688Z,3.127,current,PowerMeasurement
,,0,2022-01-27T16:58:11.01Z,2022-01-27T16:59:11.005Z,2022-01-27T16:58:42.855Z,3.127,current,PowerMeasurement
,,0,2022-01-27T16:58:11.01Z,2022-01-27T16:59:11.005Z,2022-01-27T16:58:43.022Z,3.127,current,PowerMeasurement
,,0,2022-01-27T16:58:11.01Z,2022-01-27T16:59:11.005Z,2022-01-27T16:58:43.189Z,3.127,current,PowerMeasurement
,,0,2022-01-27T16:58:11.01Z,2022-01-27T16:59:11.005Z,2022-01-27T16:58:43.356Z,3.127,current,PowerMeasurement
,,0,2022-01-27T16:58:11.01Z,2022-01-27T16:59:11.005Z,2022-01-27T16:58:43.523Z,3.127,current,PowerMeasurement
,,0,2022-01-27T16:58:11.01Z,2022-01-27T16:59:11.005Z,2022-01-27T16:58:43.69Z,3.127,current,PowerMeasurement
,,0,2022-01-27T16:58:11.01Z,2022-01-27T16:59:11.005Z,2022-01-27T16:58:43.857Z,3.127,current,PowerMeasurement
,,0,2022-01-27T16:58:11.01Z,2022-01-27T16:59:11.005Z,2022-01-27T16:58:44.024Z,3.127,current,PowerMeasurement
,,0,2022-01-27T16:58:11.01Z,2022-01-27T16:59:11.005Z,2022-01-27T16:58:44.191Z,3.127,current,PowerMeasurement
,,0,2022-01-27T16:58:11.01Z,2022-01-27T16:59:11.005Z,2022-01-27T16:58:44.358Z,3.127,current,PowerMeasurement
,,0,2022-01-27T16:58:11.01Z,2022-01-27T16:59:11.005Z,2022-01-27T16:58:44.525Z,3.127,current,PowerMeasurement
,,0,2022-01-27T16:58:11.01Z,2022-01-27T16:59:11.005Z,2022-01-27T16:58:44.692Z,3.127,current,PowerMeasurement
,,0,2022-01-27T16:58:11.01Z,2022-01-27T16:59:11.005Z,2022-01-27T16:58:44.859Z,3.127,current,PowerMeasurement
,,0,2022-01-27T16:58:11.01Z,2022-01-27T16:59:11.005Z,2022-01-27T16:58:45.026Z,3.127,current,PowerMeasurement
,,0,2022-01-27T16:58:11.01Z,2022-01-27T16:59:11.005Z,2022-01-27T16:58:45.193Z,3.127,current,PowerMeasurement
,,0,2022-01-27T16:58:11.01Z,2022-01-27T16:59:11.005Z,2022-01-27T16:58:45.36Z,3.127,current,PowerMeasurement
,,0,2022-01-27T16:58:11.01Z,2022-01-27T16:59:11.005Z,2022-01-27T16:58:45.527Z,3.127,current,PowerMeasurement
,,0,2022-01-27T16:58:11.01Z,2022-01-27T16:59:11.005Z,2022-01-27T16:58:45.694Z,3.127,current,PowerMeasurement
,,0,2022-01-27T16:58:11.01Z,2022-01-27T16:59:11.005Z,2022-01-27T16:58:45.861Z,3.127,current,PowerMeasurement
,,0,2022-01-27T16:58:11.01Z,2022-01-27T16:59:11.005Z,2022-01-27T16:58:46.028Z,3.127,current,PowerMeasurement
,,0,2022-01-27T16:58:11.01Z,2022-01-27T16:59:11.005Z,2022-01-27T16:58:46.195Z,3.127,current,PowerMeasurement
,,0,2022-01-27T16:58:11.01Z,2022-01-27T16:59:11.005Z,2022-01-27T16:58:46.362Z,3.127,current,PowerMeasurement
,,0,2022-01-27T16:58:11.01Z,2022-01-27T16:59:11.005Z,2022-01-27T16:58:46.529Z,3.127,current,PowerMeasurement
,,0,2022-01-27T16:58:11.01Z,2022-01-27T16:59:11.005Z,2022-01-27T16:58:46.696Z,3.127,current,PowerMeasurement
,,0,2022-01-27T16:58:11.01Z,2022-01-27T16:59:11.005Z,2022-01-27T16:58:46.863Z,3.127,current,PowerMeasurement
,,0,2022-01-27T16:58:11.01Z,2022-01-27T16:59:11.005Z,2022-01-27T16:58:47.03Z,3.127,current,PowerMeasurement
,,0,2022-01-27T16:58:11.01Z,2022-01-27T16:59:11.005Z,2022-01-27T16:58:47.197Z,3.127,current,PowerMeasurement
,,0,2022-01-27T16:58:11.01Z,2022-01-27T16:59:11.005Z,2022-01-27T16:58:47.364Z,3.127,current,PowerMeasurement
,,0,2022-01-27T16:58:11.01Z,2022-01-27T16:59:11.005Z,2022-01-27T16:58:47.531Z,3.127,current,PowerMeasurement
,,0,2022-01-27T16:58:11.01Z,2022-01-27T16:59:11.005Z,2022-01-27T16:58:47.698Z,3.127,current,PowerMeasurement
,,0,2022-01-27T16:58:11.01Z,2022-01-27T16:59:11.005Z,2022-01-27T16:58:47.865Z,3.127,current,PowerMeasurement
,,0,2022-01-27T16:58:11.01Z,2022-01-27T16:59:11.005Z,2022-01-27T16:58:48.032Z,3.127,current,PowerMeasurement
,,0,2022-01-27T16:58:11.01Z,2022-01-27T16:59:11.005Z,2022-01-27T16:58:48.199Z,3.127,current,PowerMeasurement
,,0,2022-01-27T16:58:11.01Z,2022-01-27T16:59:11.005Z,2022-01-27T16:58:48.366Z,3.127,current,PowerMeasurement
,,0,2022-01-27T16:58:11.01Z,2022-01-27T16:59:11.005Z,2022-01-27T16:58:48.533Z,3.127,current,PowerMeasurement
,,0,2022-01-27T16:58:11.01Z,2022-01-27T16:59:11.005Z,2022-01-27T16:58:48.7Z,3.127,current,PowerMeasurement
,,0,2022-01-27T16:58:11.01Z,2022-01-27T16:59:11.005Z,2022-01-27T16:58:48.867Z,3.127,current,PowerMeasurement
,,0,2022-01-27T16:58:11.01Z,2022-01-27T16:59:11.005Z,2022-01-27T16:58:49.034Z,3.127,current,PowerMeasurement
,,0,2022-01-27T16:58:11.01Z,2022-01-27T16:59:11.005Z,2022-01-27T16:58:49.201Z,3.127,current,PowerMeasurement
,,0,2022-01-27T16:58:11.01Z,2022-01-27T16:59:11.005Z,2022-01-27T16:58:49.368Z,3.127,current,PowerMeasurement
,,0,2022-01-27T16:58:11.01Z,2022-01-27T16:59:11.005Z,2022-01-27T16:58:49.535Z,3.127,current,PowerMeasurement
,,0,2022-01-27T16:58:11.01Z,2022-01-27T16:59:11.005Z,2022-01-27T16:58:49.702Z,3.127,current,PowerMeasurement
,,0,2022-01-27T16:58:11.01Z,2022-01-27T16:59:11.005Z,2022-01-27T16:58:49.869Z,3.127,current,PowerMeasurement
,,0,2022-01-27T16:58:11.01Z,2022-01-27T16:59:11.005Z,2022-01-27T16:58:50.036Z,3.127,current,PowerMeasurement
,,0,2022-01-27T16:58:11.01Z,2022-01-27T16:59:11.005Z,2022-01-27T16:58:50.203Z,3.127,current,PowerMeasurement
,,0,2022-01-27T16:58:11.01Z,2022-01-27T16:59:11.005Z,2022-01-27T16:58:50.37Z,3.127,current,PowerMeasurement
,,0,2022-01-27T16:58:11.01Z,2022-01-27T16:59:11.005Z,2022-01-27T16:58:50.537Z,3.127,current,PowerMeasurement
,,0,2022-01-27T16:58:11.01Z,2022-01-27T16:59:11.005Z,2022-01-27T16:58:50.704Z,3.127,current,PowerMeasurement
,,0,2022-01-27T16:58:11.01Z,2022-01-27T16:59:11.005Z,2022-01-27T16:58:50.871Z,3.127,current,PowerMeasurement
,,0,2022-01-27T16:58:11.01Z,2022-01-27T16:59:11.005Z,2022-01-27T16:58:51.038Z,3.127,current,PowerMeasurement
,,0,2022-01-27T16:58:11.01Z,2022-01-27T16:59:11.005Z,2022-01-27T16:58:51.205Z,3.127,current,PowerMeasurement
,,0,2022-01-27T16:58:11.01Z,2022-01-27T16:59:11.005Z,2022-01-27T16:58:51.372Z,3.127,current,PowerMeasurement
,,0,2022-01-27T16:58:11.01Z,2022-01-27T16:59:11.005Z,2022-01-27T16:58:51.539Z,3.127,current,PowerMeasurement
,,0,2022-01-27T16:58:11.01Z,2022-01-27T16:59:11.005Z,2022-01-27T16:58:51.706Z,3.127,current,PowerMeasurement
,,0,2022-01-27T16:58:11.01Z,2022-01-27T16:59:11.005Z,2022-01-27T16:58:51.873Z,3.127,current,PowerMeasurement
,,0,2022-01-27T16:58:11.01Z,2022-01-27T16:59:11.005Z,2022-01-27T16:58:52.04Z,3.127,current,PowerMeasurement
,,0,2022-01-27T16:58:11.01Z,2022-01-27T16:59:11.005Z,2022-01-27T16:58:52.207Z,3.127,current,PowerMeasurement
,,0,2022-01-27T16:58:11.01Z,2022-01-27T16:59:11.005Z,2022-01-27T16:58:52.374Z,3.127,current,PowerMeasurement
,,0,2022-01-27T16:58:11.01Z,2022-01-27T16:59:11.005Z,2022-01-27T16:58:52.541Z,3.127,current,PowerMeasurement
,,0,2022-01-27T16:58:11.01Z,2022-01-27T16:59:11.005Z,2022-01-27T16:58:52.708Z,3.127,current,PowerMeasurement
,,0,2022-01-27T16:58:11.01Z,2022-01-27T16:59:11.005Z,2022-01-27T16:58:52.875Z,3.127,current,PowerMeasurement
,,0,2022-01-27T16:58:11.01Z,2022-01-27T16:59:11.005Z,2022-01-27T16:58:53.042Z,3.127,current,PowerMeasurement
,,0,2022-01-27T16:58:11.01Z,2022-01-27T16:59:11.005Z,2022-01-27T16:58:53.209Z,3.127,current,PowerMeasurement
,,0,2022-01-27T16:58:11.01Z,2022-01-27T16:59:11.005Z,2022-01-27T16:58:53.376Z,3.127,current,PowerMeasurement
,,0,2022-01-27T16:58:11.01Z,2022-01-27T16:59:11.005Z,2022-01-27T16:58:53.543Z,3.127,current,PowerMeasurement
,,0,2022-01-27T16:58:11.01Z,2022-01-27T16:59:11.005Z,2022-01-27T16:58:53.71Z,3.127,current,PowerMeasurement
,,0,2022-01-27T16:58:11.01Z,2022-01-27T16:59:11.005Z,2022-01-27T16:58:53.877Z,3.127,current,PowerMeasurement
,,0,2022-01-27T16:58:11.01Z,2022-01-27T16:59:11.005Z,2022-01-27T16:58:54.044Z,3.127,current,PowerMeasurement
,,0,2022-01-27T16:58:11.01Z,2022-01-27T16:59:11.005Z,2022-01-27T16:58:54.211Z,3.127,current,PowerMeasurement
,,0,2022-01-27T16:58:11.01Z,2022-01-27T16:59:11.005Z,2022-01-27T16:58:54.378Z,3.127,current,PowerMeasurement
,,0,2022-01-27T16:58:11.01Z,2022-01-27T16:59:11.005Z,2022-01-27T16:58:54.545Z,3.127,current,PowerMeasurement
,,0,2022-01-27T16:58:11.01Z,2022-01-27T16:59:11.005Z,2022-01-27T16:58:54.712Z,3.127,current,PowerMeasurement
,,0,2022-01-27T16:58:11.01Z,2022-01-27T16:59:11.005Z,2022-01-27T16:58:54.879Z,3.127,current,PowerMeasurement
,,0,2022-01-27T16:58:11.01Z,2022-01-27T16:59:11.005Z,2022-01-27T16:58:55.046Z,3.126236,current,PowerMeasurement
,,0,2022-01-27T16:58:11.01Z,2022-01-27T16:59:11.005Z,2022-01-27T16:58:55.213Z,3.127,current,PowerMeasurement
,,0,2022-01-27T16:58:11.01Z,2022-01-27T16:59:11.005Z,2022-01-27T16:58:55.38Z,3.124709,current,PowerMeasurement
,,0,2022-01-27T16:58:11.01Z,2022-01-27T16:59:11.005Z,2022-01-27T16:58:55.547Z,3.127,current,PowerMeasurement
,,0,2022-01-27T16:58:11.01Z,2022-01-27T16:59:11.005Z,2022-01-27T16:58:55.714Z,3.127,current,PowerMeasurement
,,0,2022-01-27T16:58:11.01Z,2022-01-27T16:59:11.005Z,2022-01-27T16:58:55.881Z,3.127,current,PowerMeasurement
,,0,2022-01-27T16:58:11.01Z,2022-01-27T16:59:11.005Z,2022-01-27T16:58:56.048Z,3.127,current,PowerMeasurement
,,0,2022-01-27T16:58:11.01Z,2022-01-27T16:59:11.005Z,2022-01-27T16:58:56.215Z,3.125473,current,PowerMeasurement
,,0,2022-01-27T16:58:11.01Z,2022-01-27T16:59:11.005Z,2022-01-27T16:58:56.382Z,3.127,current,PowerMeasurement
,,0,2022-01-27T16:58:11.01Z,2022-01-27T16:59:11.005Z,2022-01-27T16:58:56.549Z,3.127,current,PowerMeasurement
,,0,2022-01-27T16:58:11.01Z,2022-01-27T16:59:11.005Z,2022-01-27T16:58:56.716Z,3.127,current,PowerMeasurement
,,0,2022-01-27T16:58:11.01Z,2022-01-27T16:59:11.005Z,2022-01-27T16:58:56.883Z,3.127,current,PowerMeasurement
,,0,2022-01-27T16:58:11.01Z,2022-01-27T16:59:11.005Z,2022-01-27T16:58:57.05Z,3.127,current,PowerMeasurement
,,0,2022-01-27T16:58:11.01Z,2022-01-27T16:59:11.005Z,2022-01-27T16:58:57.217Z,3.127,current,PowerMeasurement
,,0,2022-01-27T16:58:11.01Z,2022-01-27T16:59:11.005Z,2022-01-27T16:58:57.384Z,3.127,current,PowerMeasurement
,,0,2022-01-27T16:58:11.01Z,2022-01-27T16:59:11.005Z,2022-01-27T16:58:57.551Z,3.127,current,PowerMeasurement
,,0,2022-01-27T16:58:11.01Z,2022-01-27T16:59:11.005Z,2022-01-27T16:58:57.718Z,3.127,current,PowerMeasurement
,,0,2022-01-27T16:58:11.01Z,2022-01-27T16:59:11.005Z,2022-01-27T16:58:57.885Z,3.127,current,PowerMeasurement
,,0,2022-01-27T16:58:11.01Z,2022-01-27T16:59:11.005Z,2022-01-27T16:58:58.052Z,3.124709,current,PowerMeasurement
,,0,2022-01-27T16:58:11.01Z,2022-01-27T16:59:11.005Z,2022-01-27T16:58:58.219Z,3.127,current,PowerMeasurement
,,0,2022-01-27T16:58:11.01Z,2022-01-27T16:59:11.005Z,2022-01-27T16:58:58.386Z,3.127,current,PowerMeasurement
,,0,2022-01-27T16:58:11.01Z,2022-01-27T16:59:11.005Z,2022-01-27T16:58:58.553Z,3.127,current,PowerMeasurement
,,0,2022-01-27T16:58:11.01Z,2022-01-27T16:59:11.005Z,2022-01-27T16:58:58.72Z,3.127,current,PowerMeasurement
,,0,2022-01-27T16:58:11.01Z,2022-01-27T16:59:11.005Z,2022-01-27T16:58:58.887Z,3.127,current,PowerMeasurement
,,0,2022-01-27T16:58:11.01Z,2022-01-27T16:59:11.005Z,2022-01-27T16:58:59.054Z,3.127,current,PowerMeasurement
,,0,2022-01-27T16:58:11.01Z,2022-01-27T16:59:11.005Z,2022-01-27T16:58:59.221Z,3.127,current,PowerMeasurement
,,0,2022-01-27T16:58:11.01Z,2022-01-27T16:59:11.005Z,2022-01-27T16:58:59.388Z,3.127,current,PowerMeasurement
,,0,2022-01-27T16:58:11.01Z,2022-01-27T16:59:11.005Z,2022-01-27T16:58:59.555Z,3.127,current,PowerMeasurement
,,0,2022-01-27T16:58:11.01Z,2022-01-27T16:59:11.005Z,2022-01-27T16:58:59.722Z,3.127,current,PowerMeasurement
,,0,2022-01-27T16:58:11.01Z,2022-01-27T16:59:11.005Z,2022-01-27T16:58:59.889Z,3.127,current,PowerMeasurement
,,0,2022-01-27T16:58:11.01Z,2022-01-27T16:59:11.005Z,2022-01-27T16:59:00.056Z,3.127,current,PowerMeasurement
,,0,2022-01-27T16:58:11.01Z,2022-01-27T16:59:11.005Z,2022-01-27T16:59:00.223Z,3.127,current,PowerMeasurement
,,0,2022-01-27T16:58:11.01Z,2022-01-27T16:59:11.005Z,2022-01-27T16:59:00.39Z,3.127,current,PowerMeasurement
,,0,2022-01-27T16:58:11.01Z,2022-01-27T16:59:11.005Z,2022-01-27T16:59:00.557Z,3.127,current,PowerMeasurement
,,0,2022-01-27T16:58:11.01Z,2022-01-27T16:59:11.005Z,2022-01-27T16:59:00.724Z,3.127,current,PowerMeasurement
,,0,2022-01-27T16:58:11.01Z,2022-01-27T16:59:11.005Z,2022-01-27T16:59:00.891Z,3.127,current,PowerMeasurement
,,0,2022-01-27T16:58:11.01Z,2022-01-27T16:59:11.005Z,2022-01-27T16:59:01.058Z,3.127,current,PowerMeasurement
,,0,2022-01-27T16:58:11.01Z,2022-01-27T16:59:11.005Z,2022-01-27T16:59:01.225Z,3.127,current,PowerMeasurement
,,0,2022-01-27T16:58:11.01Z,2022-01-27T16:59:11.005Z,2022-01-27T16:59:01.392Z,3.127,current,PowerMeasurement
,,0,2022-01-27T16:58:11.01Z,2022-01-27T16:59:11.005Z,2022-01-27T16:59:01.559Z,3.127,current,PowerMeasurement
,,0,2022-01-27T16:58:11.01Z,2022-01-27T16:59:11.005Z,2022-01-27T16:59:01.726Z,3.127,current,PowerMeasurement
,,0,2022-01-27T16:58:11.01Z,2022-01-27T16:59:11.005Z,2022-01-27T16:59:01.893Z,3.127,current,PowerMeasurement
,,0,2022-01-27T16:58:11.01Z,2022-01-27T16:59:11.005Z,2022-01-27T16:59:02.06Z,3.127,current,PowerMeasurement
,,0,2022-01-27T16:58:11.01Z,2022-01-27T16:59:11.005Z,2022-01-27T16:59:02.227Z,3.126236,current,PowerMeasurement
,,0,2022-01-27T16:58:11.01Z,2022-01-27T16:59:11.005Z,2022-01-27T16:59:02.394Z,3.127,current,PowerMeasurement
,,0,2022-01-27T16:58:11.01Z,2022-01-27T16:59:11.005Z,2022-01-27T16:59:02.561Z,3.127,current,PowerMeasurement
,,0,2022-01-27T16:58:11.01Z,2022-01-27T16:59:11.005Z,2022-01-27T16:59:02.728Z,3.127,current,PowerMeasurement
,,0,2022-01-27T16:58:11.01Z,2022-01-27T16:59:11.005Z,2022-01-27T16:59:02.895Z,3.127,current,PowerMeasurement
,,0,2022-01-27T16:58:11.01Z,2022-01-27T16:59:11.005Z,2022-01-27T16:59:03.062Z,3.122418,current,PowerMeasurement
,,0,2022-01-27T16:58:11.01Z,2022-01-27T16:59:11.005Z,2022-01-27T16:59:03.229Z,3.127,current,PowerMeasurement
,,0,2022-01-27T16:58:11.01Z,2022-01-27T16:59:11.005Z,2022-01-27T16:59:03.396Z,3.127,current,PowerMeasurement
,,0,2022-01-27T16:58:11.01Z,2022-01-27T16:59:11.005Z,2022-01-27T16:59:03.563Z,3.127,current,PowerMeasurement
,,0,2022-01-27T16:58:11.01Z,2022-01-27T16:59:11.005Z,2022-01-27T16:59:03.73Z,3.127,current,PowerMeasurement
,,0,2022-01-27T16:58:11.01Z,2022-01-27T16:59:11.005Z,2022-01-27T16:59:03.897Z,3.127,current,PowerMeasurement
,,0,2022-01-27T16:58:11.01Z,2022-01-27T16:59:11.005Z,2022-01-27T16:59:04.064Z,3.127,current,PowerMeasurement
,,0,2022-01-27T16:58:11.01Z,2022-01-27T16:59:11.005Z,2022-01-27T16:59:04.231Z,3.127,current,PowerMeasurement
,,0,2022-01-27T16:58:11.01Z,2022-01-27T16:59:11.005Z,2022-01-27T16:59:04.398Z,3.127,current,PowerMeasurement
,,0,2022-01-27T16:58:11.01Z,2022-01-27T16:59:11.005Z,2022-01-27T16:59:04.565Z,3.127,current,PowerMeasurement
,,0,2022-01-27T16:58:11.01Z,2022-01-27T16:59:11.005Z,2022-01-27T16:59:04.732Z,3.127,current,PowerMeasurement
,,0,2022-01-27T16:58:11.01Z,2022-01-27T16:59:11.005Z,2022-01-27T16:59:04.899Z,3.127,current,PowerMeasurement
,,0,2022-01-27T16:58:11.01Z,2022-01-27T16:59:11.005Z,2022-01-27T16:59:05.066Z,3.127,current,PowerMeasurement
,,0,2022-01-27T16:58:11.01Z,2022-01-27T16:59:11.005Z,2022-01-27T16:59:05.233Z,3.127,current,PowerMeasurement
,,0,2022-01-27T16:58:11.01Z,2022-01-27T16:59:11.005Z,2022-01-27T16:59:05.4Z,3.127,current,PowerMeasurement
,,0,2022-01-27T16:58:11.01Z,2022-01-27T16:59:11.005Z,2022-01-27T16:59:05.567Z,3.127,current,PowerMeasurement
,,0,2022-01-27T16:58:11.01Z,2022-01-27T16:59:11.005Z,2022-01-27T16:59:05.734Z,3.127,current,PowerMeasurement
,,0,2022-01-27T16:58:11.01Z,2022-01-27T16:59:11.005Z,2022-01-27T16:59:05.901Z,3.127,current,PowerMeasurement
,,0,2022-01-27T16:58:11.01Z,2022-01-27T16:59:11.005Z,2022-01-27T16:59:06.068Z,3.127,current,PowerMeasurement
,,0,2022-01-27T16:58:11.01Z,2022-01-27T16:59:11.005Z,2022-01-27T16:59:06.235Z,3.127,current,PowerMeasurement
,,0,2022-01-27T16:58:11.01Z,2022-01-27T16:59:11.005Z,2022-01-27T16:59:06.402Z,3.127,current,PowerMeasurement
,,0,2022-01-27T16:58:11.01Z,2022-01-27T16:59:11.005Z,2022-01-27T16:59:06.569Z,3.127,current,PowerMeasurement
,,0,2022-01-27T16:58:11.01Z,2022-01-27T16:59:11.005Z,2022-01-27T16:59:06.736Z,3.127,current,PowerMeasurement
,,0,2022-01-27T16:58:11.01Z,2022-01-27T16:59:11.005Z,2022-01-27T16:59:06.903Z,3.127,current,PowerMeasurement
,,0,2022-01-27T16:58:11.01Z,2022-01-27T16:59:11.005Z,2022-01-27T16:59:07.07Z,3.127,current,PowerMeasurement
,,0,2022-01-27T16:58:11.01Z,2022-01-27T16:59:11.005Z,2022-01-27T16:59:07.237Z,3.127,current,PowerMeasurement
,,0,2022-01-27T16:58:11.01Z,2022-01-27T16:59:11.005Z,2022-01-27T16:59:07.404Z,3.127,current,PowerMeasurement
,,0,2022-01-27T16:58:11.01Z,2022-01-27T16:59:11.005Z,2022-01-27T16:59:07.571Z,3.127,current,PowerMeasurement
,,0,2022-01-27T16:58:11.01Z,2022-01-27T16:59:11.005Z,2022-01-27T16:59:07.738Z,3.127,current,PowerMeasurement
,,0,2022-01-27T16:58:11.01Z,2022-01-27T16:59:11.005Z,2022-01-27T16:59:07.905Z,3.127,current,PowerMeasurement
,,0,2022-01-27T16:58:11.01Z,2022-01-27T16:59:11.005Z,2022-01-27T16:59:08.072Z,3.127,current,PowerMeasurement
,,0,2022-01-27T16:58:11.01Z,2022-01-27T16:59:11.005Z,2022-01-27T16:59:08.239Z,3.127,current,PowerMeasurement
,,0,2022-01-27T16:58:11.01Z,2022-01-27T16:59:11.005Z,2022-01-27T16:59:08.406Z,3.127,current,PowerMeasurement
,,0,2022-01-27T16:58:11.01Z,2022-01-27T16:59:11.005Z,2022-01-27T16:59:08.573Z,3.123945,current,PowerMeasurement
,,0,2022-01-27T16:58:11.01Z,2022-01-27T16:59:11.005Z,2022-01-27T16:59:08.74Z,3.127,current,PowerMeasurement
,,0,2022-01-27T16:58:11.01Z,2022-01-27T16:59:11.005Z,2022-01-27T16:59:08.907Z,3.127,current,PowerMeasurement
,,0,2022-01-27T16:58:11.01Z,2022-01-27T16:59:11.005Z,2022-01-27T16:59:09.074Z,3.127,current,PowerMeasurement
,,0,2022-01-27T16:58:11.01Z,2022-01-27T16:59:11.005Z,2022-01-27T16:59:09.241Z,3.127,current,PowerMeasurement
,,0,2022-01-27T16:58:11.01Z,2022-01-27T16:59:11.005Z,2022-01-27T16:59:09.408Z,3.127,current,PowerMeasurement
,,0,2022-01-27T16:58:11.01Z,2022-01-27T16:59:11.005Z,2022-01-27T16:59:09.575Z,3.127,current,PowerMeasurement
,,0,2022-01-27T16:58:11.01Z,2022-01-27T16:59:11.005Z,2022-01-27T16:59:09.742Z,3.127,current,PowerMeasurement
,,0,2022-01-27T16:58:11.01Z,2022-01-27T16:59:11.005Z,2022-01-27T16:59:09.909Z,3.127,current,PowerMeasurement
,,0,2022-01-27T16:58:11.01Z,2022-01-27T16:59:11.005Z,2022-01-27T16:59:10.076Z,3.125473,current,PowerMeasurement
,,0,2022-01-27T16:58:11.01Z,2022-01-27T16:59:11.005Z,2022-01-27T16:59:10.243Z,3.127,current,PowerMeasurement
,,0,2022-01-27T16:58:11.01Z,2022-01-27T16:59:11.005Z,2022-01-27T16:59:10.41Z,3.127,current,PowerMeasurement
,,0,2022-01-27T16:58:11.01Z,2022-01-27T16:59:11.005Z,2022-01-27T16:59:10.577Z,3.127,current,PowerMeasurement
,,0,2022-01-27T16:58:11.01Z,2022-01-27T16:59:11.005Z,2022-01-27T16:59:10.744Z,3.127,current,PowerMeasurement
,,0,2022-01-27T16:58:11.01Z,2022-01-27T16:59:11.005Z,2022-01-27T16:59:10.911Z,3.127,current,PowerMeasurement
,,0,2022-01-27T16:58:11.01Z,2022-01-27T16:59:11.005Z,2022-01-27T16:59:11.005Z,3.127,current,PowerMeasurement
,,1,2022-01-27T16:58:11.01Z,2022-01-27T16:59:11.005Z,2022-01-27T16:58:11.125Z,1.106477,voltage,PowerMeasurement
,,1,2022-01-27T16:58:11.01Z,2022-01-27T16:59:11.005Z,2022-01-27T16:58:11.292Z,1.107241,voltage,PowerMeasurement
,,1,2022-01-27T16:58:11.01Z,2022-01-27T16:59:11.005Z,2022-01-27T16:58:11.459Z,1.103423,voltage,PowerMeasurement
,,1,2022-01-27T16:58:11.01Z,2022-01-27T16:59:11.005Z,2022-01-27T16:58:11.626Z,1.114113,voltage,PowerMeasurement
,,1,2022-01-27T16:58:11.01Z,2022-01-27T16:59:11.005Z,2022-01-27T16:58:11.793Z,1.105713,voltage,PowerMeasurement
,,1,2022-01-27T16:58:11.01Z,2022-01-27T16:59:11.005Z,2022-01-27T16:58:11.96Z,1.095786,voltage,PowerMeasurement
,,1,2022-01-27T16:58:11.01Z,2022-01-27T16:59:11.005Z,2022-01-27T16:58:12.127Z,1.101132,voltage,PowerMeasurement
,,1,2022-01-27T16:58:11.01Z,2022-01-27T16:59:11.005Z,2022-01-27T16:58:12.294Z,1.108768,voltage,PowerMeasurement
,,1,2022-01-27T16:58:11.01Z,2022-01-27T16:59:11.005Z,2022-01-27T16:58:12.461Z,1.114877,voltage,PowerMeasurement
,,1,2022-01-27T16:58:11.01Z,2022-01-27T16:59:11.005Z,2022-01-27T16:58:12.628Z,1.114113,voltage,PowerMeasurement
,,1,2022-01-27T16:58:11.01Z,2022-01-27T16:59:11.005Z,2022-01-27T16:58:12.795Z,1.097314,voltage,PowerMeasurement
,,1,2022-01-27T16:58:11.01Z,2022-01-27T16:59:11.005Z,2022-01-27T16:58:12.962Z,1.097314,voltage,PowerMeasurement
,,1,2022-01-27T16:58:11.01Z,2022-01-27T16:59:11.005Z,2022-01-27T16:58:13.129Z,1.111059,voltage,PowerMeasurement
,,1,2022-01-27T16:58:11.01Z,2022-01-27T16:59:11.005Z,2022-01-27T16:58:13.296Z,1.104186,voltage,PowerMeasurement
,,1,2022-01-27T16:58:11.01Z,2022-01-27T16:59:11.005Z,2022-01-27T16:58:13.463Z,1.095023,voltage,PowerMeasurement
,,1,2022-01-27T16:58:11.01Z,2022-01-27T16:59:11.005Z,2022-01-27T16:58:13.63Z,1.098841,voltage,PowerMeasurement
,,1,2022-01-27T16:58:11.01Z,2022-01-27T16:59:11.005Z,2022-01-27T16:58:13.797Z,1.097314,voltage,PowerMeasurement
,,1,2022-01-27T16:58:11.01Z,2022-01-27T16:59:11.005Z,2022-01-27T16:58:13.964Z,1.098841,voltage,PowerMeasurement
,,1,2022-01-27T16:58:11.01Z,2022-01-27T16:59:11.005Z,2022-01-27T16:58:14.131Z,1.112586,voltage,PowerMeasurement
,,1,2022-01-27T16:58:11.01Z,2022-01-27T16:59:11.005Z,2022-01-27T16:58:14.298Z,1.108768,voltage,PowerMeasurement
,,1,2022-01-27T16:58:11.01Z,2022-01-27T16:59:11.005Z,2022-01-27T16:58:14.465Z,1.10495,voltage,PowerMeasurement
,,1,2022-01-27T16:58:11.01Z,2022-01-27T16:59:11.005Z,2022-01-27T16:58:14.632Z,1.095786,voltage,PowerMeasurement
,,1,2022-01-27T16:58:11.01Z,2022-01-27T16:59:11.005Z,2022-01-27T16:58:14.799Z,1.094259,voltage,PowerMeasurement
,,1,2022-01-27T16:58:11.01Z,2022-01-27T16:59:11.005Z,2022-01-27T16:58:14.966Z,1.110295,voltage,PowerMeasurement
,,1,2022-01-27T16:58:11.01Z,2022-01-27T16:59:11.005Z,2022-01-27T16:58:15.133Z,1.098077,voltage,PowerMeasurement
,,1,2022-01-27T16:58:11.01Z,2022-01-27T16:59:11.005Z,2022-01-27T16:58:15.3Z,1.101132,voltage,PowerMeasurement
,,1,2022-01-27T16:58:11.01Z,2022-01-27T16:59:11.005Z,2022-01-27T16:58:15.467Z,1.10495,voltage,PowerMeasurement
,,1,2022-01-27T16:58:11.01Z,2022-01-27T16:59:11.005Z,2022-01-27T16:58:15.634Z,1.111059,voltage,PowerMeasurement
,,1,2022-01-27T16:58:11.01Z,2022-01-27T16:59:11.005Z,2022-01-27T16:58:15.801Z,1.101132,voltage,PowerMeasurement
,,1,2022-01-27T16:58:11.01Z,2022-01-27T16:59:11.005Z,2022-01-27T16:58:15.968Z,1.10495,voltage,PowerMeasurement
,,1,2022-01-27T16:58:11.01Z,2022-01-27T16:59:11.005Z,2022-01-27T16:58:16.135Z,1.106477,voltage,PowerMeasurement
,,1,2022-01-27T16:58:11.01Z,2022-01-27T16:59:11.005Z,2022-01-27T16:58:16.302Z,1.10495,voltage,PowerMeasurement
,,1,2022-01-27T16:58:11.01Z,2022-01-27T16:59:11.005Z,2022-01-27T16:58:16.469Z,1.097314,voltage,PowerMeasurement
,,1,2022-01-27T16:58:11.01Z,2022-01-27T16:59:11.005Z,2022-01-27T16:58:16.636Z,1.106477,voltage,PowerMeasurement
,,1,2022-01-27T16:58:11.01Z,2022-01-27T16:59:11.005Z,2022-01-27T16:58:16.803Z,1.09655,voltage,PowerMeasurement
,,1,2022-01-27T16:58:11.01Z,2022-01-27T16:59:11.005Z,2022-01-27T16:58:16.97Z,1.10495,voltage,PowerMeasurement
,,1,2022-01-27T16:58:11.01Z,2022-01-27T16:59:11.005Z,2022-01-27T16:58:17.137Z,1.113349,voltage,PowerMeasurement
,,1,2022-01-27T16:58:11.01Z,2022-01-27T16:59:11.005Z,2022-01-27T16:58:17.304Z,1.111822,voltage,PowerMeasurement
,,1,2022-01-27T16:58:11.01Z,2022-01-27T16:59:11.005Z,2022-01-27T16:58:17.471Z,1.114113,voltage,PowerMeasurement
,,1,2022-01-27T16:58:11.01Z,2022-01-27T16:59:11.005Z,2022-01-27T16:58:17.638Z,1.098077,voltage,PowerMeasurement
,,1,2022-01-27T16:58:11.01Z,2022-01-27T16:59:11.005Z,2022-01-27T16:58:17.805Z,1.112586,voltage,PowerMeasurement
,,1,2022-01-27T16:58:11.01Z,2022-01-27T16:59:11.005Z,2022-01-27T16:58:17.972Z,1.094259,voltage,PowerMeasurement
,,1,2022-01-27T16:58:11.01Z,2022-01-27T16:59:11.005Z,2022-01-27T16:58:18.139Z,1.102659,voltage,PowerMeasurement
,,1,2022-01-27T16:58:11.01Z,2022-01-27T16:59:11.005Z,2022-01-27T16:58:18.306Z,1.098077,voltage,PowerMeasurement
,,1,2022-01-27T16:58:11.01Z,2022-01-27T16:59:11.005Z,2022-01-27T16:58:18.473Z,1.095786,voltage,PowerMeasurement
,,1,2022-01-27T16:58:11.01Z,2022-01-27T16:59:11.005Z,2022-01-27T16:58:18.64Z,1.103423,voltage,PowerMeasurement
,,1,2022-01-27T16:58:11.01Z,2022-01-27T16:59:11.005Z,2022-01-27T16:58:18.807Z,1.112586,voltage,PowerMeasurement
,,1,2022-01-27T16:58:11.01Z,2022-01-27T16:59:11.005Z,2022-01-27T16:58:18.974Z,1.112586,voltage,PowerMeasurement
,,1,2022-01-27T16:58:11.01Z,2022-01-27T16:59:11.005Z,2022-01-27T16:58:19.141Z,1.101895,voltage,PowerMeasurement
,,1,2022-01-27T16:58:11.01Z,2022-01-27T16:59:11.005Z,2022-01-27T16:58:19.308Z,1.102659,voltage,PowerMeasurement
,,1,2022-01-27T16:58:11.01Z,2022-01-27T16:59:11.005Z,2022-01-27T16:58:19.475Z,1.116404,voltage,PowerMeasurement
,,1,2022-01-27T16:58:11.01Z,2022-01-27T16:59:11.005Z,2022-01-27T16:58:19.642Z,1.111059,voltage,PowerMeasurement
,,1,2022-01-27T16:58:11.01Z,2022-01-27T16:59:11.005Z,2022-01-27T16:58:19.809Z,1.108768,voltage,PowerMeasurement
,,1,2022-01-27T16:58:11.01Z,2022-01-27T16:59:11.005Z,2022-01-27T16:58:19.976Z,1.100368,voltage,PowerMeasurement
,,1,2022-01-27T16:58:11.01Z,2022-01-27T16:59:11.005Z,2022-01-27T16:58:20.143Z,1.10495,voltage,PowerMeasurement
,,1,2022-01-27T16:58:11.01Z,2022-01-27T16:59:11.005Z,2022-01-27T16:58:20.31Z,1.117167,voltage,PowerMeasurement
,,1,2022-01-27T16:58:11.01Z,2022-01-27T16:59:11.005Z,2022-01-27T16:58:20.477Z,1.111059,voltage,PowerMeasurement
,,1,2022-01-27T16:58:11.01Z,2022-01-27T16:59:11.005Z,2022-01-27T16:58:20.644Z,1.105713,voltage,PowerMeasurement
,,1,2022-01-27T16:58:11.01Z,2022-01-27T16:59:11.005Z,2022-01-27T16:58:20.811Z,1.098841,voltage,PowerMeasurement
,,1,2022-01-27T16:58:11.01Z,2022-01-27T16:59:11.005Z,2022-01-27T16:58:20.978Z,1.098841,voltage,PowerMeasurement
,,1,2022-01-27T16:58:11.01Z,2022-01-27T16:59:11.005Z,2022-01-27T16:58:21.145Z,1.108768,voltage,PowerMeasurement
,,1,2022-01-27T16:58:11.01Z,2022-01-27T16:59:11.005Z,2022-01-27T16:58:21.312Z,1.095786,voltage,PowerMeasurement
,,1,2022-01-27T16:58:11.01Z,2022-01-27T16:59:11.005Z,2022-01-27T16:58:21.479Z,1.106477,voltage,PowerMeasurement
,,1,2022-01-27T16:58:11.01Z,2022-01-27T16:59:11.005Z,2022-01-27T16:58:21.646Z,1.109531,voltage,PowerMeasurement
,,1,2022-01-27T16:58:11.01Z,2022-01-27T16:59:11.005Z,2022-01-27T16:58:21.813Z,1.101895,voltage,PowerMeasurement
,,1,2022-01-27T16:58:11.01Z,2022-01-27T16:59:11.005Z,2022-01-27T16:58:21.98Z,1.110295,voltage,PowerMeasurement
,,1,2022-01-27T16:58:11.01Z,2022-01-27T16:59:11.005Z,2022-01-27T16:58:22.147Z,1.09655,voltage,PowerMeasurement
,,1,2022-01-27T16:58:11.01Z,2022-01-27T16:59:11.005Z,2022-01-27T16:58:22.314Z,1.101895,voltage,PowerMeasurement
,,1,2022-01-27T16:58:11.01Z,2022-01-27T16:59:11.005Z,2022-01-27T16:58:22.481Z,1.111822,voltage,PowerMeasurement
,,1,2022-01-27T16:58:11.01Z,2022-01-27T16:59:11.005Z,2022-01-27T16:58:22.648Z,1.09655,voltage,PowerMeasurement
,,1,2022-01-27T16:58:11.01Z,2022-01-27T16:59:11.005Z,2022-01-27T16:58:22.815Z,1.098077,voltage,PowerMeasurement
,,1,2022-01-27T16:58:11.01Z,2022-01-27T16:59:11.005Z,2022-01-27T16:58:22.982Z,1.099604,voltage,PowerMeasurement
,,1,2022-01-27T16:58:11.01Z,2022-01-27T16:59:11.005Z,2022-01-27T16:58:23.149Z,1.116404,voltage,PowerMeasurement
,,1,2022-01-27T16:58:11.01Z,2022-01-27T16:59:11.005Z,2022-01-27T16:58:23.316Z,1.105713,voltage,PowerMeasurement
,,1,2022-01-27T16:58:11.01Z,2022-01-27T16:59:11.005Z,2022-01-27T16:58:23.483Z,1.103423,voltage,PowerMeasurement
,,1,2022-01-27T16:58:11.01Z,2022-01-27T16:59:11.005Z,2022-01-27T16:58:23.65Z,1.09655,voltage,PowerMeasurement
,,1,2022-01-27T16:58:11.01Z,2022-01-27T16:59:11.005Z,2022-01-27T16:58:23.817Z,1.107241,voltage,PowerMeasurement
,,1,2022-01-27T16:58:11.01Z,2022-01-27T16:59:11.005Z,2022-01-27T16:58:23.984Z,1.095023,voltage,PowerMeasurement
,,1,2022-01-27T16:58:11.01Z,2022-01-27T16:59:11.005Z,2022-01-27T16:58:24.151Z,1.11564,voltage,PowerMeasurement
,,1,2022-01-27T16:58:11.01Z,2022-01-27T16:59:11.005Z,2022-01-27T16:58:24.318Z,1.111822,voltage,PowerMeasurement
,,1,2022-01-27T16:58:11.01Z,2022-01-27T16:59:11.005Z,2022-01-27T16:58:24.485Z,1.09655,voltage,PowerMeasurement
,,1,2022-01-27T16:58:11.01Z,2022-01-27T16:59:11.005Z,2022-01-27T16:58:24.652Z,1.095786,voltage,PowerMeasurement
,,1,2022-01-27T16:58:11.01Z,2022-01-27T16:59:11.005Z,2022-01-27T16:58:24.819Z,1.114877,voltage,PowerMeasurement
,,1,2022-01-27T16:58:11.01Z,2022-01-27T16:59:11.005Z,2022-01-27T16:58:24.986Z,1.114113,voltage,PowerMeasurement
,,1,2022-01-27T16:58:11.01Z,2022-01-27T16:59:11.005Z,2022-01-27T16:58:25.153Z,1.095023,voltage,PowerMeasurement
,,1,2022-01-27T16:58:11.01Z,2022-01-27T16:59:11.005Z,2022-01-27T16:58:25.32Z,1.095786,voltage,PowerMeasurement
,,1,2022-01-27T16:58:11.01Z,2022-01-27T16:59:11.005Z,2022-01-27T16:58:25.487Z,1.100368,voltage,PowerMeasurement
,,1,2022-01-27T16:58:11.01Z,2022-01-27T16:59:11.005Z,2022-01-27T16:58:25.654Z,1.112586,voltage,PowerMeasurement
,,1,2022-01-27T16:58:11.01Z,2022-01-27T16:59:11.005Z,2022-01-27T16:58:25.821Z,1.103423,voltage,PowerMeasurement
,,1,2022-01-27T16:58:11.01Z,2022-01-27T16:59:11.005Z,2022-01-27T16:58:25.988Z,1.102659,voltage,PowerMeasurement
,,1,2022-01-27T16:58:11.01Z,2022-01-27T16:59:11.005Z,2022-01-27T16:58:26.155Z,1.09655,voltage,PowerMeasurement
,,1,2022-01-27T16:58:11.01Z,2022-01-27T16:59:11.005Z,2022-01-27T16:58:26.322Z,1.110295,voltage,PowerMeasurement
,,1,2022-01-27T16:58:11.01Z,2022-01-27T16:59:11.005Z,2022-01-27T16:58:26.489Z,1.110295,voltage,PowerMeasurement
,,1,2022-01-27T16:58:11.01Z,2022-01-27T16:59:11.005Z,2022-01-27T16:58:26.656Z,1.108768,voltage,PowerMeasurement
,,1,2022-01-27T16:58:11.01Z,2022-01-27T16:59:11.005Z,2022-01-27T16:58:26.823Z,1.09655,voltage,PowerMeasurement
,,1,2022-01-27T16:58:11.01Z,2022-01-27T16:59:11.005Z,2022-01-27T16:58:26.99Z,1.111059,voltage,PowerMeasurement
,,1,2022-01-27T16:58:11.01Z,2022-01-27T16:59:11.005Z,2022-01-27T16:58:27.157Z,1.107241,voltage,PowerMeasurement
,,1,2022-01-27T16:58:11.01Z,2022-01-27T16:59:11.005Z,2022-01-27T16:58:27.324Z,1.102659,voltage,PowerMeasurement
,,1,2022-01-27T16:58:11.01Z,2022-01-27T16:59:11.005Z,2022-01-27T16:58:27.491Z,1.114877,voltage,PowerMeasurement
,,1,2022-01-27T16:58:11.01Z,2022-01-27T16:59:11.005Z,2022-01-27T16:58:27.658Z,1.108768,voltage,PowerMeasurement
,,1,2022-01-27T16:58:11.01Z,2022-01-27T16:59:11.005Z,2022-01-27T16:58:27.825Z,1.105713,voltage,PowerMeasurement
,,1,2022-01-27T16:58:11.01Z,2022-01-27T16:59:11.005Z,2022-01-27T16:58:27.992Z,1.113349,voltage,PowerMeasurement
,,1,2022-01-27T16:58:11.01Z,2022-01-27T16:59:11.005Z,2022-01-27T16:58:28.159Z,1.099604,voltage,PowerMeasurement
,,1,2022-01-27T16:58:11.01Z,2022-01-27T16:59:11.005Z,2022-01-27T16:58:28.326Z,1.10495,voltage,PowerMeasurement
,,1,2022-01-27T16:58:11.01Z,2022-01-27T16:59:11.005Z,2022-01-27T16:58:28.493Z,1.114113,voltage,PowerMeasurement
,,1,2022-01-27T16:58:11.01Z,2022-01-27T16:59:11.005Z,2022-01-27T16:58:28.66Z,1.11564,voltage,PowerMeasurement
,,1,2022-01-27T16:58:11.01Z,2022-01-27T16:59:11.005Z,2022-01-27T16:58:28.827Z,1.114113,voltage,PowerMeasurement
,,1,2022-01-27T16:58:11.01Z,2022-01-27T16:59:11.005Z,2022-01-27T16:58:28.994Z,1.111822,voltage,PowerMeasurement
,,1,2022-01-27T16:58:11.01Z,2022-01-27T16:59:11.005Z,2022-01-27T16:58:29.161Z,1.108768,voltage,PowerMeasurement
,,1,2022-01-27T16:58:11.01Z,2022-01-27T16:59:11.005Z,2022-01-27T16:58:29.328Z,1.111059,voltage,PowerMeasurement
,,1,2022-01-27T16:58:11.01Z,2022-01-27T16:59:11.005Z,2022-01-27T16:58:29.495Z,1.117931,voltage,PowerMeasurement
,,1,2022-01-27T16:58:11.01Z,2022-01-27T16:59:11.005Z,2022-01-27T16:58:29.662Z,1.097314,voltage,PowerMeasurement
,,1,2022-01-27T16:58:11.01Z,2022-01-27T16:59:11.005Z,2022-01-27T16:58:29.829Z,1.108004,voltage,PowerMeasurement
,,1,2022-01-27T16:58:11.01Z,2022-01-27T16:59:11.005Z,2022-01-27T16:58:29.996Z,1.09655,voltage,PowerMeasurement
,,1,2022-01-27T16:58:11.01Z,2022-01-27T16:59:11.005Z,2022-01-27T16:58:30.163Z,1.095786,voltage,PowerMeasurement
,,1,2022-01-27T16:58:11.01Z,2022-01-27T16:59:11.005Z,2022-01-27T16:58:30.33Z,1.107241,voltage,PowerMeasurement
,,1,2022-01-27T16:58:11.01Z,2022-01-27T16:59:11.005Z,2022-01-27T16:58:30.497Z,1.108768,voltage,PowerMeasurement
,,1,2022-01-27T16:58:11.01Z,2022-01-27T16:59:11.005Z,2022-01-27T16:58:30.664Z,1.09655,voltage,PowerMeasurement
,,1,2022-01-27T16:58:11.01Z,2022-01-27T16:59:11.005Z,2022-01-27T16:58:30.831Z,1.095023,voltage,PowerMeasurement
,,1,2022-01-27T16:58:11.01Z,2022-01-27T16:59:11.005Z,2022-01-27T16:58:30.998Z,1.09655,voltage,PowerMeasurement
,,1,2022-01-27T16:58:11.01Z,2022-01-27T16:59:11.005Z,2022-01-27T16:58:31.165Z,1.110295,voltage,PowerMeasurement
,,1,2022-01-27T16:58:11.01Z,2022-01-27T16:59:11.005Z,2022-01-27T16:58:31.332Z,1.111822,voltage,PowerMeasurement
,,1,2022-01-27T16:58:11.01Z,2022-01-27T16:59:11.005Z,2022-01-27T16:58:31.499Z,1.114113,voltage,PowerMeasurement
,,1,2022-01-27T16:58:11.01Z,2022-01-27T16:59:11.005Z,2022-01-27T16:58:31.666Z,1.113349,voltage,PowerMeasurement
,,1,2022-01-27T16:58:11.01Z,2022-01-27T16:59:11.005Z,2022-01-27T16:58:31.833Z,1.113349,voltage,PowerMeasurement
,,1,2022-01-27T16:58:11.01Z,2022-01-27T16:59:11.005Z,2022-01-27T16:58:32Z,1.108004,voltage,PowerMeasurement
,,1,2022-01-27T16:58:11.01Z,2022-01-27T16:59:11.005Z,2022-01-27T16:58:32.167Z,1.102659,voltage,PowerMeasurement
,,1,2022-01-27T16:58:11.01Z,2022-01-27T16:59:11.005Z,2022-01-27T16:58:32.334Z,1.108004,voltage,PowerMeasurement
,,1,2022-01-27T16:58:11.01Z,2022-01-27T16:59:11.005Z,2022-01-27T16:58:32.501Z,1.116404,voltage,PowerMeasurement
,,1,2022-01-27T16:58:11.01Z,2022-01-27T16:59:11.005Z,2022-01-27T16:58:32.668Z,1.098077,voltage,PowerMeasurement
,,1,2022-01-27T16:58:11.01Z,2022-01-27T16:59:11.005Z,2022-01-27T16:58:32.835Z,1.098841,voltage,PowerMeasurement
,,1,2022-01-27T16:58:11.01Z,2022-01-27T16:59:11.005Z,2022-01-27T16:58:33.002Z,1.117167,voltage,PowerMeasurement
,,1,2022-01-27T16:58:11.01Z,2022-01-27T16:59:11.005Z,2022-01-27T16:58:33.169Z,1.09655,voltage,PowerMeasurement
,,1,2022-01-27T16:58:11.01Z,2022-01-27T16:59:11.005Z,2022-01-27T16:58:33.336Z,1.111059,voltage,PowerMeasurement
,,1,2022-01-27T16:58:11.01Z,2022-01-27T16:59:11.005Z,2022-01-27T16:58:33.503Z,1.111822,voltage,PowerMeasurement
,,1,2022-01-27T16:58:11.01Z,2022-01-27T16:59:11.005Z,2022-01-27T16:58:33.67Z,1.100368,voltage,PowerMeasurement
,,1,2022-01-27T16:58:11.01Z,2022-01-27T16:59:11.005Z,2022-01-27T16:58:33.837Z,1.09655,voltage,PowerMeasurement
,,1,2022-01-27T16:58:11.01Z,2022-01-27T16:59:11.005Z,2022-01-27T16:58:34.004Z,1.103423,voltage,PowerMeasurement
,,1,2022-01-27T16:58:11.01Z,2022-01-27T16:59:11.005Z,2022-01-27T16:58:34.171Z,1.102659,voltage,PowerMeasurement
,,1,2022-01-27T16:58:11.01Z,2022-01-27T16:59:11.005Z,2022-01-27T16:58:34.338Z,1.099604,voltage,PowerMeasurement
,,1,2022-01-27T16:58:11.01Z,2022-01-27T16:59:11.005Z,2022-01-27T16:58:34.505Z,1.095023,voltage,PowerMeasurement
,,1,2022-01-27T16:58:11.01Z,2022-01-27T16:59:11.005Z,2022-01-27T16:58:34.672Z,1.11564,voltage,PowerMeasurement
,,1,2022-01-27T16:58:11.01Z,2022-01-27T16:59:11.005Z,2022-01-27T16:58:34.839Z,1.094259,voltage,PowerMeasurement
,,1,2022-01-27T16:58:11.01Z,2022-01-27T16:59:11.005Z,2022-01-27T16:58:35.006Z,1.111822,voltage,PowerMeasurement
,,1,2022-01-27T16:58:11.01Z,2022-01-27T16:59:11.005Z,2022-01-27T16:58:35.173Z,1.095786,voltage,PowerMeasurement
,,1,2022-01-27T16:58:11.01Z,2022-01-27T16:59:11.005Z,2022-01-27T16:58:35.34Z,1.101895,voltage,PowerMeasurement
,,1,2022-01-27T16:58:11.01Z,2022-01-27T16:59:11.005Z,2022-01-27T16:58:35.507Z,1.113349,voltage,PowerMeasurement
,,1,2022-01-27T16:58:11.01Z,2022-01-27T16:59:11.005Z,2022-01-27T16:58:35.674Z,1.108768,voltage,PowerMeasurement
,,1,2022-01-27T16:58:11.01Z,2022-01-27T16:59:11.005Z,2022-01-27T16:58:35.841Z,1.098841,voltage,PowerMeasurement
,,1,2022-01-27T16:58:11.01Z,2022-01-27T16:59:11.005Z,2022-01-27T16:58:36.008Z,1.095023,voltage,PowerMeasurement
,,1,2022-01-27T16:58:11.01Z,2022-01-27T16:59:11.005Z,2022-01-27T16:58:36.175Z,1.117167,voltage,PowerMeasurement
,,1,2022-01-27T16:58:11.01Z,2022-01-27T16:59:11.005Z,2022-01-27T16:58:36.342Z,1.09655,voltage,PowerMeasurement
,,1,2022-01-27T16:58:11.01Z,2022-01-27T16:59:11.005Z,2022-01-27T16:58:36.509Z,1.09655,voltage,PowerMeasurement
,,1,2022-01-27T16:58:11.01Z,2022-01-27T16:59:11.005Z,2022-01-27T16:58:36.676Z,1.111822,voltage,PowerMeasurement
,,1,2022-01-27T16:58:11.01Z,2022-01-27T16:59:11.005Z,2022-01-27T16:58:36.843Z,1.114113,voltage,PowerMeasurement
,,1,2022-01-27T16:58:11.01Z,2022-01-27T16:59:11.005Z,2022-01-27T16:58:37.01Z,1.110295,voltage,PowerMeasurement
,,1,2022-01-27T16:58:11.01Z,2022-01-27T16:59:11.005Z,2022-01-27T16:58:37.177Z,1.109531,voltage,PowerMeasurement
,,1,2022-01-27T16:58:11.01Z,2022-01-27T16:59:11.005Z,2022-01-27T16:58:37.344Z,1.098077,voltage,PowerMeasurement
,,1,2022-01-27T16:58:11.01Z,2022-01-27T16:59:11.005Z,2022-01-27T16:58:37.511Z,1.094259,voltage,PowerMeasurement
,,1,2022-01-27T16:58:11.01Z,2022-01-27T16:59:11.005Z,2022-01-27T16:58:37.678Z,1.099604,voltage,PowerMeasurement
,,1,2022-01-27T16:58:11.01Z,2022-01-27T16:59:11.005Z,2022-01-27T16:58:37.845Z,1.098841,voltage,PowerMeasurement
,,1,2022-01-27T16:58:11.01Z,2022-01-27T16:59:11.005Z,2022-01-27T16:58:38.012Z,1.098077,voltage,PowerMeasurement
,,1,2022-01-27T16:58:11.01Z,2022-01-27T16:59:11.005Z,2022-01-27T16:58:38.179Z,1.095786,voltage,PowerMeasurement
,,1,2022-01-27T16:58:11.01Z,2022-01-27T16:59:11.005Z,2022-01-27T16:58:38.346Z,1.098077,voltage,PowerMeasurement
,,1,2022-01-27T16:58:11.01Z,2022-01-27T16:59:11.005Z,2022-01-27T16:58:38.513Z,1.094259,voltage,PowerMeasurement
,,1,2022-01-27T16:58:11.01Z,2022-01-27T16:59:11.005Z,2022-01-27T16:58:38.68Z,1.09655,voltage,PowerMeasurement
,,1,2022-01-27T16:58:11.01Z,2022-01-27T16:59:11.005Z,2022-01-27T16:58:38.847Z,1.113349,voltage,PowerMeasurement
,,1,2022-01-27T16:58:11.01Z,2022-01-27T16:59:11.005Z,2022-01-27T16:58:39.014Z,1.095786,voltage,PowerMeasurement
,,1,2022-01-27T16:58:11.01Z,2022-01-27T16:59:11.005Z,2022-01-27T16:58:39.181Z,1.11564,voltage,PowerMeasurement
,,1,2022-01-27T16:58:11.01Z,2022-01-27T16:59:11.005Z,2022-01-27T16:58:39.348Z,1.116404,voltage,PowerMeasurement
,,1,2022-01-27T16:58:11.01Z,2022-01-27T16:59:11.005Z,2022-01-27T16:58:39.515Z,1.11564,voltage,PowerMeasurement
,,1,2022-01-27T16:58:11.01Z,2022-01-27T16:59:11.005Z,2022-01-27T16:58:39.682Z,1.098841,voltage,PowerMeasurement
,,1,2022-01-27T16:58:11.01Z,2022-01-27T16:59:11.005Z,2022-01-27T16:58:39.849Z,1.100368,voltage,PowerMeasurement
,,1,2022-01-27T16:58:11.01Z,2022-01-27T16:59:11.005Z,2022-01-27T16:58:40.016Z,1.107241,voltage,PowerMeasurement
,,1,2022-01-27T16:58:11.01Z,2022-01-27T16:59:11.005Z,2022-01-27T16:58:40.183Z,1.113349,voltage,PowerMeasurement
,,1,2022-01-27T16:58:11.01Z,2022-01-27T16:59:11.005Z,2022-01-27T16:58:40.35Z,1.098077,voltage,PowerMeasurement
,,1,2022-01-27T16:58:11.01Z,2022-01-27T16:59:11.005Z,2022-01-27T16:58:40.517Z,1.099604,voltage,PowerMeasurement
,,1,2022-01-27T16:58:11.01Z,2022-01-27T16:59:11.005Z,2022-01-27T16:58:40.684Z,1.09655,voltage,PowerMeasurement
,,1,2022-01-27T16:58:11.01Z,2022-01-27T16:59:11.005Z,2022-01-27T16:58:40.851Z,1.117167,voltage,PowerMeasurement
,,1,2022-01-27T16:58:11.01Z,2022-01-27T16:59:11.005Z,2022-01-27T16:58:41.018Z,1.110295,voltage,PowerMeasurement
,,1,2022-01-27T16:58:11.01Z,2022-01-27T16:59:11.005Z,2022-01-27T16:58:41.185Z,1.098077,voltage,PowerMeasurement
,,1,2022-01-27T16:58:11.01Z,2022-01-27T16:59:11.005Z,2022-01-27T16:58:41.352Z,1.106477,voltage,PowerMeasurement
,,1,2022-01-27T16:58:11.01Z,2022-01-27T16:59:11.005Z,2022-01-27T16:58:41.519Z,1.114113,voltage,PowerMeasurement
,,1,2022-01-27T16:58:11.01Z,2022-01-27T16:59:11.005Z,2022-01-27T16:58:41.686Z,1.111059,voltage,PowerMeasurement
,,1,2022-01-27T16:58:11.01Z,2022-01-27T16:59:11.005Z,2022-01-27T16:58:41.853Z,1.098077,voltage,PowerMeasurement
,,1,2022-01-27T16:58:11.01Z,2022-01-27T16:59:11.005Z,2022-01-27T16:58:42.02Z,1.095023,voltage,PowerMeasurement
,,1,2022-01-27T16:58:11.01Z,2022-01-27T16:59:11.005Z,2022-01-27T16:58:42.187Z,1.101132,voltage,PowerMeasurement
,,1,2022-01-27T16:58:11.01Z,2022-01-27T16:59:11.005Z,2022-01-27T16:58:42.354Z,1.100368,voltage,PowerMeasurement
,,1,2022-01-27T16:58:11.01Z,2022-01-27T16:59:11.005Z,2022-01-27T16:58:42.521Z,1.098077,voltage,PowerMeasurement
,,1,2022-01-27T16:58:11.01Z,2022-01-27T16:59:11.005Z,2022-01-27T16:58:42.688Z,1.099604,voltage,PowerMeasurement
,,1,2022-01-27T16:58:11.01Z,2022-01-27T16:59:11.005Z,2022-01-27T16:58:42.855Z,1.112586,voltage,PowerMeasurement
,,1,2022-01-27T16:58:11.01Z,2022-01-27T16:59:11.005Z,2022-01-27T16:58:43.022Z,1.09655,voltage,PowerMeasurement
,,1,2022-01-27T16:58:11.01Z,2022-01-27T16:59:11.005Z,2022-01-27T16:58:43.189Z,1.113349,voltage,PowerMeasurement
,,1,2022-01-27T16:58:11.01Z,2022-01-27T16:59:11.005Z,2022-01-27T16:58:43.356Z,1.105713,voltage,PowerMeasurement
,,1,2022-01-27T16:58:11.01Z,2022-01-27T16:59:11.005Z,2022-01-27T16:58:43.523Z,1.099604,voltage,PowerMeasurement
,,1,2022-01-27T16:58:11.01Z,2022-01-27T16:59:11.005Z,2022-01-27T16:58:43.69Z,1.111822,voltage,PowerMeasurement
,,1,2022-01-27T16:58:11.01Z,2022-01-27T16:59:11.005Z,2022-01-27T16:58:43.857Z,1.107241,voltage,PowerMeasurement
,,1,2022-01-27T16:58:11.01Z,2022-01-27T16:59:11.005Z,2022-01-27T16:58:44.024Z,1.107241,voltage,PowerMeasurement
,,1,2022-01-27T16:58:11.01Z,2022-01-27T16:59:11.005Z,2022-01-27T16:58:44.191Z,1.106477,voltage,PowerMeasurement
,,1,2022-01-27T16:58:11.01Z,2022-01-27T16:59:11.005Z,2022-01-27T16:58:44.358Z,1.101132,voltage,PowerMeasurement
,,1,2022-01-27T16:58:11.01Z,2022-01-27T16:59:11.005Z,2022-01-27T16:58:44.525Z,1.111822,voltage,PowerMeasurement
,,1,2022-01-27T16:58:11.01Z,2022-01-27T16:59:11.005Z,2022-01-27T16:58:44.692Z,1.095023,voltage,PowerMeasurement
,,1,2022-01-27T16:58:11.01Z,2022-01-27T16:59:11.005Z,2022-01-27T16:58:44.859Z,1.116404,voltage,PowerMeasurement
,,1,2022-01-27T16:58:11.01Z,2022-01-27T16:59:11.005Z,2022-01-27T16:58:45.026Z,1.097314,voltage,PowerMeasurement
,,1,2022-01-27T16:58:11.01Z,2022-01-27T16:59:11.005Z,2022-01-27T16:58:45.193Z,1.095786,voltage,PowerMeasurement
,,1,2022-01-27T16:58:11.01Z,2022-01-27T16:59:11.005Z,2022-01-27T16:58:45.36Z,1.11564,voltage,PowerMeasurement
,,1,2022-01-27T16:58:11.01Z,2022-01-27T16:59:11.005Z,2022-01-27T16:58:45.527Z,1.101132,voltage,PowerMeasurement
,,1,2022-01-27T16:58:11.01Z,2022-01-27T16:59:11.005Z,2022-01-27T16:58:45.694Z,1.113349,voltage,PowerMeasurement
,,1,2022-01-27T16:58:11.01Z,2022-01-27T16:59:11.005Z,2022-01-27T16:58:45.861Z,1.110295,voltage,PowerMeasurement
,,1,2022-01-27T16:58:11.01Z,2022-01-27T16:59:11.005Z,2022-01-27T16:58:46.028Z,1.109531,voltage,PowerMeasurement
,,1,2022-01-27T16:58:11.01Z,2022-01-27T16:59:11.005Z,2022-01-27T16:58:46.195Z,1.101132,voltage,PowerMeasurement
,,1,2022-01-27T16:58:11.01Z,2022-01-27T16:59:11.005Z,2022-01-27T16:58:46.362Z,1.111822,voltage,PowerMeasurement
,,1,2022-01-27T16:58:11.01Z,2022-01-27T16:59:11.005Z,2022-01-27T16:58:46.529Z,1.108004,voltage,PowerMeasurement
,,1,2022-01-27T16:58:11.01Z,2022-01-27T16:59:11.005Z,2022-01-27T16:58:46.696Z,1.09655,voltage,PowerMeasurement
,,1,2022-01-27T16:58:11.01Z,2022-01-27T16:59:11.005Z,2022-01-27T16:58:46.863Z,1.097314,voltage,PowerMeasurement
,,1,2022-01-27T16:58:11.01Z,2022-01-27T16:59:11.005Z,2022-01-27T16:58:47.03Z,1.094259,voltage,PowerMeasurement
,,1,2022-01-27T16:58:11.01Z,2022-01-27T16:59:11.005Z,2022-01-27T16:58:47.197Z,1.114113,voltage,PowerMeasurement
,,1,2022-01-27T16:58:11.01Z,2022-01-27T16:59:11.005Z,2022-01-27T16:58:47.364Z,1.116404,voltage,PowerMeasurement
,,1,2022-01-27T16:58:11.01Z,2022-01-27T16:59:11.005Z,2022-01-27T16:58:47.531Z,1.09655,voltage,PowerMeasurement
,,1,2022-01-27T16:58:11.01Z,2022-01-27T16:59:11.005Z,2022-01-27T16:58:47.698Z,1.095786,voltage,PowerMeasurement
,,1,2022-01-27T16:58:11.01Z,2022-01-27T16:59:11.005Z,2022-01-27T16:58:47.865Z,1.111059,voltage,PowerMeasurement
,,1,2022-01-27T16:58:11.01Z,2022-01-27T16:59:11.005Z,2022-01-27T16:58:48.032Z,1.098841,voltage,PowerMeasurement
,,1,2022-01-27T16:58:11.01Z,2022-01-27T16:59:11.005Z,2022-01-27T16:58:48.199Z,1.113349,voltage,PowerMeasurement
,,1,2022-01-27T16:58:11.01Z,2022-01-27T16:59:11.005Z,2022-01-27T16:58:48.366Z,1.10495,voltage,PowerMeasurement
,,1,2022-01-27T16:58:11.01Z,2022-01-27T16:59:11.005Z,2022-01-27T16:58:48.533Z,1.112586,voltage,PowerMeasurement
,,1,2022-01-27T16:58:11.01Z,2022-01-27T16:59:11.005Z,2022-01-27T16:58:48.7Z,1.106477,voltage,PowerMeasurement
,,1,2022-01-27T16:58:11.01Z,2022-01-27T16:59:11.005Z,2022-01-27T16:58:48.867Z,1.10495,voltage,PowerMeasurement
,,1,2022-01-27T16:58:11.01Z,2022-01-27T16:59:11.005Z,2022-01-27T16:58:49.034Z,1.095023,voltage,PowerMeasurement
,,1,2022-01-27T16:58:11.01Z,2022-01-27T16:59:11.005Z,2022-01-27T16:58:49.201Z,1.098841,voltage,PowerMeasurement
,,1,2022-01-27T16:58:11.01Z,2022-01-27T16:59:11.005Z,2022-01-27T16:58:49.368Z,1.102659,voltage,PowerMeasurement
,,1,2022-01-27T16:58:11.01Z,2022-01-27T16:59:11.005Z,2022-01-27T16:58:49.535Z,1.109531,voltage,PowerMeasurement
,,1,2022-01-27T16:58:11.01Z,2022-01-27T16:59:11.005Z,2022-01-27T16:58:49.702Z,1.108004,voltage,PowerMeasurement
,,1,2022-01-27T16:58:11.01Z,2022-01-27T16:59:11.005Z,2022-01-27T16:58:49.869Z,1.101895,voltage,PowerMeasurement
,,1,2022-01-27T16:58:11.01Z,2022-01-27T16:59:11.005Z,2022-01-27T16:58:50.036Z,1.108004,voltage,PowerMeasurement
,,1,2022-01-27T16:58:11.01Z,2022-01-27T16:59:11.005Z,2022-01-27T16:58:50.203Z,1.111822,voltage,PowerMeasurement
,,1,2022-01-27T16:58:11.01Z,2022-01-27T16:59:11.005Z,2022-01-27T16:58:50.37Z,1.103423,voltage,PowerMeasurement
,,1,2022-01-27T16:58:11.01Z,2022-01-27T16:59:11.005Z,2022-01-27T16:58:50.537Z,1.117167,voltage,PowerMeasurement
,,1,2022-01-27T16:58:11.01Z,2022-01-27T16:59:11.005Z,2022-01-27T16:58:50.704Z,1.097314,voltage,PowerMeasurement
,,1,2022-01-27T16:58:11.01Z,2022-01-27T16:59:11.005Z,2022-01-27T16:58:50.871Z,1.116404,voltage,PowerMeasurement
,,1,2022-01-27T16:58:11.01Z,2022-01-27T16:59:11.005Z,2022-01-27T16:58:51.038Z,1.094259,voltage,PowerMeasurement
,,1,2022-01-27T16:58:11.01Z,2022-01-27T16:59:11.005Z,2022-01-27T16:58:51.205Z,1.098077,voltage,PowerMeasurement
,,1,2022-01-27T16:58:11.01Z,2022-01-27T16:59:11.005Z,2022-01-27T16:58:51.372Z,1.117167,voltage,PowerMeasurement
,,1,2022-01-27T16:58:11.01Z,2022-01-27T16:59:11.005Z,2022-01-27T16:58:51.539Z,1.098077,voltage,PowerMeasurement
,,1,2022-01-27T16:58:11.01Z,2022-01-27T16:59:11.005Z,2022-01-27T16:58:51.706Z,1.095023,voltage,PowerMeasurement
,,1,2022-01-27T16:58:11.01Z,2022-01-27T16:59:11.005Z,2022-01-27T16:58:51.873Z,1.108768,voltage,PowerMeasurement
,,1,2022-01-27T16:58:11.01Z,2022-01-27T16:59:11.005Z,2022-01-27T16:58:52.04Z,1.111822,voltage,PowerMeasurement
,,1,2022-01-27T16:58:11.01Z,2022-01-27T16:59:11.005Z,2022-01-27T16:58:52.207Z,1.108004,voltage,PowerMeasurement
,,1,2022-01-27T16:58:11.01Z,2022-01-27T16:59:11.005Z,2022-01-27T16:58:52.374Z,1.113349,voltage,PowerMeasurement
,,1,2022-01-27T16:58:11.01Z,2022-01-27T16:59:11.005Z,2022-01-27T16:58:52.541Z,1.109531,voltage,PowerMeasurement
,,1,2022-01-27T16:58:11.01Z,2022-01-27T16:59:11.005Z,2022-01-27T16:58:52.708Z,1.105713,voltage,PowerMeasurement
,,1,2022-01-27T16:58:11.01Z,2022-01-27T16:59:11.005Z,2022-01-27T16:58:52.875Z,1.111059,voltage,PowerMeasurement
,,1,2022-01-27T16:58:11.01Z,2022-01-27T16:59:11.005Z,2022-01-27T16:58:53.042Z,1.106477,voltage,PowerMeasurement
,,1,2022-01-27T16:58:11.01Z,2022-01-27T16:59:11.005Z,2022-01-27T16:58:53.209Z,1.11564,voltage,PowerMeasurement
,,1,2022-01-27T16:58:11.01Z,2022-01-27T16:59:11.005Z,2022-01-27T16:58:53.376Z,1.097314,voltage,PowerMeasurement
,,1,2022-01-27T16:58:11.01Z,2022-01-27T16:59:11.005Z,2022-01-27T16:58:53.543Z,1.116404,voltage,PowerMeasurement
,,1,2022-01-27T16:58:11.01Z,2022-01-27T16:59:11.005Z,2022-01-27T16:58:53.71Z,1.108004,voltage,PowerMeasurement
,,1,2022-01-27T16:58:11.01Z,2022-01-27T16:59:11.005Z,2022-01-27T16:58:53.877Z,1.108768,voltage,PowerMeasurement
,,1,2022-01-27T16:58:11.01Z,2022-01-27T16:59:11.005Z,2022-01-27T16:58:54.044Z,1.095023,voltage,PowerMeasurement
,,1,2022-01-27T16:58:11.01Z,2022-01-27T16:59:11.005Z,2022-01-27T16:58:54.211Z,1.109531,voltage,PowerMeasurement
,,1,2022-01-27T16:58:11.01Z,2022-01-27T16:59:11.005Z,2022-01-27T16:58:54.378Z,1.10495,voltage,PowerMeasurement
,,1,2022-01-27T16:58:11.01Z,2022-01-27T16:59:11.005Z,2022-01-27T16:58:54.545Z,1.095786,voltage,PowerMeasurement
,,1,2022-01-27T16:58:11.01Z,2022-01-27T16:59:11.005Z,2022-01-27T16:58:54.712Z,1.113349,voltage,PowerMeasurement
,,1,2022-01-27T16:58:11.01Z,2022-01-27T16:59:11.005Z,2022-01-27T16:58:54.879Z,1.094259,voltage,PowerMeasurement
,,1,2022-01-27T16:58:11.01Z,2022-01-27T16:59:11.005Z,2022-01-27T16:58:55.046Z,1.114877,voltage,PowerMeasurement
,,1,2022-01-27T16:58:11.01Z,2022-01-27T16:59:11.005Z,2022-01-27T16:58:55.213Z,1.109531,voltage,PowerMeasurement
,,1,2022-01-27T16:58:11.01Z,2022-01-27T16:59:11.005Z,2022-01-27T16:58:55.38Z,1.114877,voltage,PowerMeasurement
,,1,2022-01-27T16:58:11.01Z,2022-01-27T16:59:11.005Z,2022-01-27T16:58:55.547Z,1.114113,voltage,PowerMeasurement
,,1,2022-01-27T16:58:11.01Z,2022-01-27T16:59:11.005Z,2022-01-27T16:58:55.714Z,1.097314,voltage,PowerMeasurement
,,1,2022-01-27T16:58:11.01Z,2022-01-27T16:59:11.005Z,2022-01-27T16:58:55.881Z,1.116404,voltage,PowerMeasurement
,,1,2022-01-27T16:58:11.01Z,2022-01-27T16:59:11.005Z,2022-01-27T16:58:56.048Z,1.106477,voltage,PowerMeasurement
,,1,2022-01-27T16:58:11.01Z,2022-01-27T16:59:11.005Z,2022-01-27T16:58:56.215Z,1.112586,voltage,PowerMeasurement
,,1,2022-01-27T16:58:11.01Z,2022-01-27T16:59:11.005Z,2022-01-27T16:58:56.382Z,1.095786,voltage,PowerMeasurement
,,1,2022-01-27T16:58:11.01Z,2022-01-27T16:59:11.005Z,2022-01-27T16:58:56.549Z,1.114877,voltage,PowerMeasurement
,,1,2022-01-27T16:58:11.01Z,2022-01-27T16:59:11.005Z,2022-01-27T16:58:56.716Z,1.117167,voltage,PowerMeasurement
,,1,2022-01-27T16:58:11.01Z,2022-01-27T16:59:11.005Z,2022-01-27T16:58:56.883Z,1.101132,voltage,PowerMeasurement
,,1,2022-01-27T16:58:11.01Z,2022-01-27T16:59:11.005Z,2022-01-27T16:58:57.05Z,1.107241,voltage,PowerMeasurement
,,1,2022-01-27T16:58:11.01Z,2022-01-27T16:59:11.005Z,2022-01-27T16:58:57.217Z,1.107241,voltage,PowerMeasurement
,,1,2022-01-27T16:58:11.01Z,2022-01-27T16:59:11.005Z,2022-01-27T16:58:57.384Z,1.11564,voltage,PowerMeasurement
,,1,2022-01-27T16:58:11.01Z,2022-01-27T16:59:11.005Z,2022-01-27T16:58:57.551Z,1.101895,voltage,PowerMeasurement
,,1,2022-01-27T16:58:11.01Z,2022-01-27T16:59:11.005Z,2022-01-27T16:58:57.718Z,1.11564,voltage,PowerMeasurement
,,1,2022-01-27T16:58:11.01Z,2022-01-27T16:59:11.005Z,2022-01-27T16:58:57.885Z,1.116404,voltage,PowerMeasurement
,,1,2022-01-27T16:58:11.01Z,2022-01-27T16:59:11.005Z,2022-01-27T16:58:58.052Z,1.114877,voltage,PowerMeasurement
,,1,2022-01-27T16:58:11.01Z,2022-01-27T16:59:11.005Z,2022-01-27T16:58:58.219Z,1.10495,voltage,PowerMeasurement
,,1,2022-01-27T16:58:11.01Z,2022-01-27T16:59:11.005Z,2022-01-27T16:58:58.386Z,1.114877,voltage,PowerMeasurement
,,1,2022-01-27T16:58:11.01Z,2022-01-27T16:59:11.005Z,2022-01-27T16:58:58.553Z,1.099604,voltage,PowerMeasurement
,,1,2022-01-27T16:58:11.01Z,2022-01-27T16:59:11.005Z,2022-01-27T16:58:58.72Z,1.098841,voltage,PowerMeasurement
,,1,2022-01-27T16:58:11.01Z,2022-01-27T16:59:11.005Z,2022-01-27T16:58:58.887Z,1.109531,voltage,PowerMeasurement
,,1,2022-01-27T16:58:11.01Z,2022-01-27T16:59:11.005Z,2022-01-27T16:58:59.054Z,1.111059,voltage,PowerMeasurement
,,1,2022-01-27T16:58:11.01Z,2022-01-27T16:59:11.005Z,2022-01-27T16:58:59.221Z,1.099604,voltage,PowerMeasurement
,,1,2022-01-27T16:58:11.01Z,2022-01-27T16:59:11.005Z,2022-01-27T16:58:59.388Z,1.111822,voltage,PowerMeasurement
,,1,2022-01-27T16:58:11.01Z,2022-01-27T16:59:11.005Z,2022-01-27T16:58:59.555Z,1.094259,voltage,PowerMeasurement
,,1,2022-01-27T16:58:11.01Z,2022-01-27T16:59:11.005Z,2022-01-27T16:58:59.722Z,1.097314,voltage,PowerMeasurement
,,1,2022-01-27T16:58:11.01Z,2022-01-27T16:59:11.005Z,2022-01-27T16:58:59.889Z,1.09655,voltage,PowerMeasurement
,,1,2022-01-27T16:58:11.01Z,2022-01-27T16:59:11.005Z,2022-01-27T16:59:00.056Z,1.091968,voltage,PowerMeasurement
,,1,2022-01-27T16:58:11.01Z,2022-01-27T16:59:11.005Z,2022-01-27T16:59:00.223Z,1.108768,voltage,PowerMeasurement
,,1,2022-01-27T16:58:11.01Z,2022-01-27T16:59:11.005Z,2022-01-27T16:59:00.39Z,1.11564,voltage,PowerMeasurement
,,1,2022-01-27T16:58:11.01Z,2022-01-27T16:59:11.005Z,2022-01-27T16:59:00.557Z,1.108004,voltage,PowerMeasurement
,,1,2022-01-27T16:58:11.01Z,2022-01-27T16:59:11.005Z,2022-01-27T16:59:00.724Z,1.114113,voltage,PowerMeasurement
,,1,2022-01-27T16:58:11.01Z,2022-01-27T16:59:11.005Z,2022-01-27T16:59:00.891Z,1.116404,voltage,PowerMeasurement
,,1,2022-01-27T16:58:11.01Z,2022-01-27T16:59:11.005Z,2022-01-27T16:59:01.058Z,1.106477,voltage,PowerMeasurement
,,1,2022-01-27T16:58:11.01Z,2022-01-27T16:59:11.005Z,2022-01-27T16:59:01.225Z,1.116404,voltage,PowerMeasurement
,,1,2022-01-27T16:58:11.01Z,2022-01-27T16:59:11.005Z,2022-01-27T16:59:01.392Z,1.09655,voltage,PowerMeasurement
,,1,2022-01-27T16:58:11.01Z,2022-01-27T16:59:11.005Z,2022-01-27T16:59:01.559Z,1.110295,voltage,PowerMeasurement
,,1,2022-01-27T16:58:11.01Z,2022-01-27T16:59:11.005Z,2022-01-27T16:59:01.726Z,1.114113,voltage,PowerMeasurement
,,1,2022-01-27T16:58:11.01Z,2022-01-27T16:59:11.005Z,2022-01-27T16:59:01.893Z,1.102659,voltage,PowerMeasurement
,,1,2022-01-27T16:58:11.01Z,2022-01-27T16:59:11.005Z,2022-01-27T16:59:02.06Z,1.106477,voltage,PowerMeasurement
,,1,2022-01-27T16:58:11.01Z,2022-01-27T16:59:11.005Z,2022-01-27T16:59:02.227Z,1.106477,voltage,PowerMeasurement
,,1,2022-01-27T16:58:11.01Z,2022-01-27T16:59:11.005Z,2022-01-27T16:59:02.394Z,1.098077,voltage,PowerMeasurement
,,1,2022-01-27T16:58:11.01Z,2022-01-27T16:59:11.005Z,2022-01-27T16:59:02.561Z,1.11564,voltage,PowerMeasurement
,,1,2022-01-27T16:58:11.01Z,2022-01-27T16:59:11.005Z,2022-01-27T16:59:02.728Z,1.11564,voltage,PowerMeasurement
,,1,2022-01-27T16:58:11.01Z,2022-01-27T16:59:11.005Z,2022-01-27T16:59:02.895Z,1.108768,voltage,PowerMeasurement
,,1,2022-01-27T16:58:11.01Z,2022-01-27T16:59:11.005Z,2022-01-27T16:59:03.062Z,1.098077,voltage,PowerMeasurement
,,1,2022-01-27T16:58:11.01Z,2022-01-27T16:59:11.005Z,2022-01-27T16:59:03.229Z,1.107241,voltage,PowerMeasurement
,,1,2022-01-27T16:58:11.01Z,2022-01-27T16:59:11.005Z,2022-01-27T16:59:03.396Z,1.100368,voltage,PowerMeasurement
,,1,2022-01-27T16:58:11.01Z,2022-01-27T16:59:11.005Z,2022-01-27T16:59:03.563Z,1.10495,voltage,PowerMeasurement
,,1,2022-01-27T16:58:11.01Z,2022-01-27T16:59:11.005Z,2022-01-27T16:59:03.73Z,1.110295,voltage,PowerMeasurement
,,1,2022-01-27T16:58:11.01Z,2022-01-27T16:59:11.005Z,2022-01-27T16:59:03.897Z,1.104186,voltage,PowerMeasurement
,,1,2022-01-27T16:58:11.01Z,2022-01-27T16:59:11.005Z,2022-01-27T16:59:04.064Z,1.106477,voltage,PowerMeasurement
,,1,2022-01-27T16:58:11.01Z,2022-01-27T16:59:11.005Z,2022-01-27T16:59:04.231Z,1.112586,voltage,PowerMeasurement
,,1,2022-01-27T16:58:11.01Z,2022-01-27T16:59:11.005Z,2022-01-27T16:59:04.398Z,1.102659,voltage,PowerMeasurement
,,1,2022-01-27T16:58:11.01Z,2022-01-27T16:59:11.005Z,2022-01-27T16:59:04.565Z,1.097314,voltage,PowerMeasurement
,,1,2022-01-27T16:58:11.01Z,2022-01-27T16:59:11.005Z,2022-01-27T16:59:04.732Z,1.106477,voltage,PowerMeasurement
,,1,2022-01-27T16:58:11.01Z,2022-01-27T16:59:11.005Z,2022-01-27T16:59:04.899Z,1.114877,voltage,PowerMeasurement
,,1,2022-01-27T16:58:11.01Z,2022-01-27T16:59:11.005Z,2022-01-27T16:59:05.066Z,1.097314,voltage,PowerMeasurement
,,1,2022-01-27T16:58:11.01Z,2022-01-27T16:59:11.005Z,2022-01-27T16:59:05.233Z,1.098841,voltage,PowerMeasurement
,,1,2022-01-27T16:58:11.01Z,2022-01-27T16:59:11.005Z,2022-01-27T16:59:05.4Z,1.102659,voltage,PowerMeasurement
,,1,2022-01-27T16:58:11.01Z,2022-01-27T16:59:11.005Z,2022-01-27T16:59:05.567Z,1.112586,voltage,PowerMeasurement
,,1,2022-01-27T16:58:11.01Z,2022-01-27T16:59:11.005Z,2022-01-27T16:59:05.734Z,1.11564,voltage,PowerMeasurement
,,1,2022-01-27T16:58:11.01Z,2022-01-27T16:59:11.005Z,2022-01-27T16:59:05.901Z,1.116404,voltage,PowerMeasurement
,,1,2022-01-27T16:58:11.01Z,2022-01-27T16:59:11.005Z,2022-01-27T16:59:06.068Z,1.105713,voltage,PowerMeasurement
,,1,2022-01-27T16:58:11.01Z,2022-01-27T16:59:11.005Z,2022-01-27T16:59:06.235Z,1.101895,voltage,PowerMeasurement
,,1,2022-01-27T16:58:11.01Z,2022-01-27T16:59:11.005Z,2022-01-27T16:59:06.402Z,1.097314,voltage,PowerMeasurement
,,1,2022-01-27T16:58:11.01Z,2022-01-27T16:59:11.005Z,2022-01-27T16:59:06.569Z,1.11564,voltage,PowerMeasurement
,,1,2022-01-27T16:58:11.01Z,2022-01-27T16:59:11.005Z,2022-01-27T16:59:06.736Z,1.098841,voltage,PowerMeasurement
,,1,2022-01-27T16:58:11.01Z,2022-01-27T16:59:11.005Z,2022-01-27T16:59:06.903Z,1.113349,voltage,PowerMeasurement
,,1,2022-01-27T16:58:11.01Z,2022-01-27T16:59:11.005Z,2022-01-27T16:59:07.07Z,1.107241,voltage,PowerMeasurement
,,1,2022-01-27T16:58:11.01Z,2022-01-27T16:59:11.005Z,2022-01-27T16:59:07.237Z,1.097314,voltage,PowerMeasurement
,,1,2022-01-27T16:58:11.01Z,2022-01-27T16:59:11.005Z,2022-01-27T16:59:07.404Z,1.098841,voltage,PowerMeasurement
,,1,2022-01-27T16:58:11.01Z,2022-01-27T16:59:11.005Z,2022-01-27T16:59:07.571Z,1.108768,voltage,PowerMeasurement
,,1,2022-01-27T16:58:11.01Z,2022-01-27T16:59:11.005Z,2022-01-27T16:59:07.738Z,1.095786,voltage,PowerMeasurement
,,1,2022-01-27T16:58:11.01Z,2022-01-27T16:59:11.005Z,2022-01-27T16:59:07.905Z,1.108768,voltage,PowerMeasurement
,,1,2022-01-27T16:58:11.01Z,2022-01-27T16:59:11.005Z,2022-01-27T16:59:08.072Z,1.100368,voltage,PowerMeasurement
,,1,2022-01-27T16:58:11.01Z,2022-01-27T16:59:11.005Z,2022-01-27T16:59:08.239Z,1.117167,voltage,PowerMeasurement
,,1,2022-01-27T16:58:11.01Z,2022-01-27T16:59:11.005Z,2022-01-27T16:59:08.406Z,1.116404,voltage,PowerMeasurement
,,1,2022-01-27T16:58:11.01Z,2022-01-27T16:59:11.005Z,2022-01-27T16:59:08.573Z,1.103423,voltage,PowerMeasurement
,,1,2022-01-27T16:58:11.01Z,2022-01-27T16:59:11.005Z,2022-01-27T16:59:08.74Z,1.105713,voltage,PowerMeasurement
,,1,2022-01-27T16:58:11.01Z,2022-01-27T16:59:11.005Z,2022-01-27T16:59:08.907Z,1.112586,voltage,PowerMeasurement
,,1,2022-01-27T16:58:11.01Z,2022-01-27T16:59:11.005Z,2022-01-27T16:59:09.074Z,1.108004,voltage,PowerMeasurement
,,1,2022-01-27T16:58:11.01Z,2022-01-27T16:59:11.005Z,2022-01-27T16:59:09.241Z,1.102659,voltage,PowerMeasurement
,,1,2022-01-27T16:58:11.01Z,2022-01-27T16:59:11.005Z,2022-01-27T16:59:09.408Z,1.11564,voltage,PowerMeasurement
,,1,2022-01-27T16:58:11.01Z,2022-01-27T16:59:11.005Z,2022-01-27T16:59:09.575Z,1.114113,voltage,PowerMeasurement
,,1,2022-01-27T16:58:11.01Z,2022-01-27T16:59:11.005Z,2022-01-27T16:59:09.742Z,1.097314,voltage,PowerMeasurement
,,1,2022-01-27T16:58:11.01Z,2022-01-27T16:59:11.005Z,2022-01-27T16:59:09.909Z,1.097314,voltage,PowerMeasurement
,,1,2022-01-27T16:58:11.01Z,2022-01-27T16:59:11.005Z,2022-01-27T16:59:10.076Z,1.104186,voltage,PowerMeasurement
,,1,2022-01-27T16:58:11.01Z,2022-01-27T16:59:11.005Z,2022-01-27T16:59:10.243Z,1.109531,voltage,PowerMeasurement
,,1,2022-01-27T16:58:11.01Z,2022-01-27T16:59:11.005Z,2022-01-27T16:59:10.41Z,1.098841,voltage,PowerMeasurement
,,1,2022-01-27T16:58:11.01Z,2022-01-27T16:59:11.005Z,2022-01-27T16:59:10.577Z,1.100368,voltage,PowerMeasurement
,,1,2022-01-27T16:58:11.01Z,2022-01-27T16:59:11.005Z,2022-01-27T16:59:10.744Z,1.09655,voltage,PowerMeasurement
,,1,2022-01-27T16:58:11.01Z,2022-01-27T16:59:11.005Z,2022-01-27T16:59:10.911Z,1.095023,voltage,PowerMeasurement
,,1,2022-01-27T16:58:11.01Z,2022-01-27T16:59:11.005Z,2022-01-27T16:59:11.005Z,1.104186,voltage,PowerMeasurement

